Anand Vihar,"Aya Nagar, Delhi - IMD","Burari Crossing, Delhi - IMD","CRRI Mathura Road, Delhi - IMD",Delhi Technological University,"IGI Airport Terminal-3, Delhi - IMD",IHBAS,Income Tax Office,"Lodhi Road, Delhi - IMD",Mandir Marg,NSIT Dwarka,"North Campus, Delhi - IMD",Punjabi Bagh,"Pusa, Delhi - IMD",R K Puram,Shadipur,Siri Fort,local
232.5957446809,,,,,,,556.0736842105,,168.2340425532,,,238.1041666667,,,,200.7866666667,2017-01-01
231.5416666667,,,,,,,264.1578947368,,174.9791666667,,,174.0540540541,,,,242.3934782609,2017-01-02
325.6666666667,,,,,,,189.4567901235,,222.0930232558,,,301.9285714286,,222,,234.2574468085,2017-01-03
217.7234042553,,,,,,,152.2083333333,,148.175,,,186.8085106383,,214.25,,178.0595744681,2017-01-04
251.2708333333,,,,,,,201.4479166667,,155.8125,,,187.0208333333,,311.375,,183.8553191489,2017-01-05
177.4680851064,,,,,,,152.96875,,151.3333333333,,,139.5,,184.1081081081,,159.9847826087,2017-01-06
131.4565217391,,,,,,,110.2291666667,,120.9333333333,,,115.9111111111,,164.9736842105,,129.3404255319,2017-01-07
133.65625,,,,,,,141.2083333333,,131.8125,,,145.21875,,227.5,,132.8326086957,2017-01-08
113.8571428571,,,,,,,120.7708333333,,104.4642857143,,,146.375,,184.1052631579,,148.9266666667,2017-01-09
124.5625,,,,,,,100.9789473684,,113.1612903226,,,118.1860465116,,130.0882352941,,135.4644444444,2017-01-10
194.847826087,,,,,,,157.1428571429,,154.4090909091,,,208.9361702128,,227.75,,168.1695652174,2017-01-11
270.0217391304,,,,,,,205.328125,,215.6666666667,,,255.2195121951,,237.1875,,227.1622222222,2017-01-12
191.8709677419,,,,,,,240.3414634146,,265.8717948718,,,269.1395348837,,355.45,,346.9852941176,2017-01-13
,,,,,,,178.5434782609,,218.6666666667,,,207,,411,,261.98,2017-01-14
,,,,,,,173.6770833333,,,,,,,,,230.95,2017-01-15
153.725,,,,,,,119.6063829787,,121.1951219512,,,127.0731707317,,138.2333333333,,159.8239130435,2017-01-16
166.6666666667,,,,,,,115.3894736842,,124.3541666667,,,143.8723404255,,187,,179.8948717949,2017-01-17
170.6808510638,,,,,,,118.46875,,137.9787234043,,,172.0833333333,,193.5789473684,,310.8540540541,2017-01-18
130.5,,,,,,,104.5208333333,,106.0416666667,,,123.7826086957,,149.55,,270.9052631579,2017-01-19
107.2,,,,,,,111.1041666667,,96.03125,,,116.8235294118,,182.6923076923,,246.8558823529,2017-01-20
,,,,,,,279.7157894737,,,,,,,,,369.1678571429,2017-01-21
,,,,,,,310.5208333333,,,,,,,,,290.575,2017-01-22
,,,,,,,186.4680851064,,,,,,,,,323.28,2017-01-23
307.0625,,,,,,,179.8333333333,,190.4857142857,,,259.8918918919,,173.8333333333,,240.3125,2017-01-24
199.7708333333,,,,,,,183.9886363636,,192.8085106383,,,194.3555555556,,192.96875,,202.7804878049,2017-01-25
99.2727272727,,,,,,,80.3720930233,,95.1428571429,,,100.9545454545,,124.7073170732,,91.325,2017-01-26
104.125,,,,,,,26.3333333333,,85.12,,,105.8,,187,,76.25,2017-01-27
124.9722222222,,,,,,,74.1529411765,,92.1111111111,,,112.9142857143,,107.5,,99.6666666667,2017-01-28
155.4583333333,,,,,,,132.5268817204,,125.3333333333,,,156.1739130435,,,,157.4666666667,2017-01-29
244.4090909091,,,,,,,163.3647058824,,153.1818181818,,,206.7,,63.6,,160.1860465116,2017-01-30
159.0444444444,,,,,,,140.7674418605,,111.1304347826,,,154.5777777778,,135.7272727273,,146.2195121951,2017-01-31
178.3333333333,,,,,,,146.8488372093,,125.7826086957,,,163.511627907,,244.64,,142,2017-02-01
190.6341463415,,,,,,,171.7176470588,,144.5365853659,,,177.487804878,,212.1142857143,,175.5476190476,2017-02-02
234.4680851064,,,,,,,239.3146067416,,157.9787234043,,,192.2708333333,,288.1578947368,,180.0227272727,2017-02-03
180.2340425532,,,,,,,-87.6,,146.3958333333,,,152.1555555556,,186.4634146341,,165.3953488372,2017-02-04
202.9375,,,,,,,-427.5113636364,,153.5319148936,,,179.3260869565,,179.1923076923,,176.0681818182,2017-02-05
135.3125,,,,,,,-112.4444444444,,110.8837209302,,,119.9166666667,,122.8333333333,,138.2631578947,2017-02-06
98.4375,,,,,,,96.8777777778,,74.2222222222,,,90.4375,,100.0833333333,,91.5952380952,2017-02-07
146.5833333333,,,,,,,138.1648351648,,99.5581395349,,,124.829787234,,146.3636363636,,114.652173913,2017-02-08
147.7916666667,,,,,,,134.4835164835,,98.2413793103,,,130.847826087,,103.6153846154,,130.8837209302,2017-02-09
119.6590909091,,,,,,,111.7303370787,,61.4333333333,,,114.511627907,,59.8461538462,,136.4390243902,2017-02-10
126.8260869565,,,,,,,145.2873563218,,110.8260869565,,,181.3333333333,,125,,140.1951219512,2017-02-11
,,,,,,,153.829787234,,,,,,,,,161.5714285714,2017-02-12
103,,,,,,,150.0117647059,,101.5,,,117,,120.5,,166.4102564103,2017-02-13
161.4444444444,,,,,,,254.5869565217,,117.8888888889,,,149.9736842105,,116.8181818182,,179.6388888889,2017-02-14
142.1914893617,,,,,,,212.1714285714,,112.847826087,,,136.2954545455,,137.8695652174,,214.9024390244,2017-02-15
120.4255319149,,,,,,,285.1758241758,,96.8510638298,,,122.7272727273,,123.4285714286,,254.1052631579,2017-02-16
127.4791666667,,,,176,,,326.05,,97.5625,,,102.5172413793,,112.7142857143,,125.2666666667,2017-02-17
119.4130434783,,,,186.2,,87.8333333333,,,94.9333333333,85.3,,120.3,,111.5,135.7918181818,110.2325581395,2017-02-18
157.5681818182,,,,156.575,,88.9227272727,,,103.1860465116,85.3,,141.8139534884,,,191.3475,108.0769230769,2017-02-19
191.2,,,,133.2,,74.9294117647,80.9038461538,,147.6,93.8450980392,,137.8,,,174.5683333333,91.5714285714,2017-02-20
96.2432432432,,,,122.1395348837,,77.7216216216,83.7441860465,,70.0833333333,98.5845238095,,87.8484848485,,133.2941176471,126.9508988764,86.5238095238,2017-02-21
90.9302325581,,,,134.6170212766,,53.5909090909,101.7469879518,,75.5813953488,100.6892857143,,98.7906976744,,80.8461538462,154.6858333333,77.925,2017-02-22
66.3333333333,,,,83.3571428571,,52.5564102564,66.8461538462,,87.7777777778,97.9797619048,,116.5555555556,,117.6,104.8811940299,163,2017-02-23
,,,,91.9090909091,,53.81,61.4268292683,,,88.412345679,,,,,99.2953488372,374,2017-02-24
,,,,121,,59.1307692308,78.5795454545,,,95.74,,,,,102.8347191011,251,2017-02-25
,,,,112.2619047619,,58.3575,89.7888888889,,,93.7418604651,,,,,100.8839772727,467,2017-02-26
77.3333333333,,,,132.8181818182,,79.9848484848,93.2191780822,,58.2380952381,120.6626666667,,73.0909090909,,105.9333333333,182.2864102564,,2017-02-27
98.9,,,,176.0263157895,,98.6575,143.3561643836,,105.15,138.2666666667,,157.5,,97,249.1119736842,174.0526315789,2017-02-28
60.9090909091,,,,115.3043478261,,93.6652173913,110.0666666667,,96.1052631579,99.1837209302,,53.3333333333,,81.5,155.8923529412,100.8888888889,2017-03-01
100.3076923077,,,,104.1458333333,,69.9564102564,112.0941176471,,72.0277777778,101.4887640449,,90.1315789474,,81.2857142857,136.4709782609,96.4545454545,2017-03-02
73.3953488372,,,,82.8888888889,,45.885,65.8043478261,,57.5909090909,85.624137931,,71.2391304348,,81.619047619,92.2484337349,61.6888888889,2017-03-03
83.9166666667,,,,126.1914893617,,58.4764705882,80.2826086957,,67.5,84.1385714286,,84.652173913,,89.9,83.8544827586,88.1276595745,2017-03-04
90.4523809524,,,,136.8958333333,,49.1,95.2553191489,,82.2222222222,78.425,,99.0416666667,,92.7142857143,90.2835955056,88.9787234043,2017-03-05
107.8604651163,,,,116.0208333333,,48.6228571429,88.0989010989,,80.6666666667,84.9152941176,,97.1489361702,,79.8947368421,110.3277011494,90.625,2017-03-06
130.5208333333,,,,131.0833333333,,90.3765957447,103.7011494253,,84,102.7441860465,,120.6956521739,,126.0526315789,171.4568604651,99.2173913043,2017-03-07
69.8125,,,,46.8541666667,,58.3904761905,56.4347826087,,52.4318181818,426.1306666667,,53.347826087,,56.1,80.2083544304,54.0681818182,2017-03-08
,,,,63.7291666667,,44.0093023256,60.2417582418,,50.8214285714,175.7826666667,,73.6315789474,,67.8,60.7873333333,50.3902439024,2017-03-09
,,,,41.8125,,30.9137931034,39.376344086,,35.6428571429,752.0818181818,,35.2,,44.5652173913,53.9703296703,29.6279069767,2017-03-10
,,,,48.0888888889,,43.9631578947,57.7356321839,,45.6,,,45.1666666667,,57.9032258065,50.2450588235,49.3902439024,2017-03-11
74.6829268293,,,,63.875,,47.7318181818,59.1777777778,,53.6363636364,,,43.7857142857,,70.4375,55.5565217391,63.2727272727,2017-03-12
95.5208333333,,,,84.1304347826,,41.5977777778,65.8152173913,,55.0888888889,,,56.619047619,,70.2,73.1620212766,48.6111111111,2017-03-13
148.4418604651,,,,95.8958333333,,63.0210526316,74.7692307692,,56.619047619,,,80.7142857143,,80.7777777778,107.4118181818,79.6551724138,2017-03-14
157.3333333333,,,,127.0681818182,,34.2592592593,96.3936170213,,84.8333333333,,,160.7,,102.7368421053,132.322247191,100.0638297872,2017-03-15
171.8043478261,,,,138.5833333333,,71.7814814815,110.7528089888,,92.4565217391,,,148.6086956522,,104.6756756757,146.2629885057,106.9523809524,2017-03-16
95.2888888889,,,,121.0833333333,,44.2705882353,82.8131868132,,82.3617021277,,,92.2291666667,,87.1,138.8930379747,105.0769230769,2017-03-17
157.170212766,,,,134.2291666667,,90.8731707317,98.2558139535,,80.2222222222,,,111.9361702128,,104.2820512821,198.7384883721,96.725,2017-03-18
150.9583333333,,,,155.5625,,98.725,99.2117647059,,80.4130434783,,,108.4772727273,,101.6,133.5717045455,89.2285714286,2017-03-19
120.4285714286,,,,153.2391304348,,40.62,114.5348837209,,91.7777777778,,,107,,116.3636363636,136.2370114943,136.9285714286,2017-03-20
169.6216216216,,,,164.4375,,56.2142857143,123.4880952381,,92.1578947368,,,124.6111111111,,120.7666666667,158.4337209302,88.475,2017-03-21
137.0652173913,,,,161.2916666667,,65.6306122449,86.2916666667,,79.625,107.2,,133.4615384615,,115.7,161.5762962963,98.6595744681,2017-03-22
178.1041666667,,,,175.4651162791,,78.3093023256,124.6117647059,,109.5625,125.9793103448,,158.7916666667,,,219.9290243902,117.4318181818,2017-03-23
88.0833333333,,,,106.3720930233,,44.5065217391,91.0481927711,,69.2391304348,318.8058823529,,89.6666666667,,,123.8253932584,84.243902439,2017-03-24
88.1458333333,,,,103.4791666667,,39.4666666667,69.5760869565,,64.2195121951,314.3319148936,,84.7857142857,,,88.8448387097,73.5135135135,2017-03-25
89.5625,,,,102.7111111111,,36.8780487805,77.5729166667,,68.5777777778,188.6095238095,,74.9047619048,,,103.4143103448,73.2051282051,2017-03-26
79.9459459459,,,,100.7555555556,,58.5227272727,77.7837837838,,63.5161290323,314.1679012346,,85.8666666667,,,110.984,89.175,2017-03-27
126.5142857143,,,,172.5434782609,,81.3104166667,115.6413043478,,,401.0913043478,,145.5,,,160.2892045455,120.875,2017-03-28
91.5625,,,,108.2,,69.0617021277,65.4105263158,,51.2432432432,,,71.5384615385,,,113.9038271605,75.9756097561,2017-03-29
81.3428571429,,,,181,,59.0266666667,64.8837209302,,64.0285714286,,,108.9090909091,,,92.0913978495,66.1777777778,2017-03-30
110.1489361702,,,,110.2666666667,,81.5318181818,77.6206896552,,82.6444444444,,,116.0689655172,,,149.5551041667,100,2017-03-31
102.4166666667,,,,108.1666666667,,83.3818181818,69.7444444444,,87.8048780488,,,129,,,114.6538888889,94.6944444444,2017-04-01
81.4791666667,,,,97.3695652174,,72.0275862069,61.8510638298,,68.9756097561,,,,,,93.3175531915,68.4594594595,2017-04-02
93.7021276596,,,,110.3103448276,,80.5583333333,63.25,,61.5681818182,,,55.3888888889,,,112.6564516129,75.2413793103,2017-04-03
83.4772727273,,,,62.5957446809,,78.304,51.04,,52.7878787879,,,58.9782608696,,,105.1109195402,50.7333333333,2017-04-04
49.7692307692,,,,48.7708333333,,59.7181818182,37.5789473684,,30.9090909091,,,46.4090909091,,,70.0983516484,38.6428571429,2017-04-05
108.2222222222,,,,110.6382978723,,81.4595238095,75.7888888889,,89.9574468085,,,123.5106382979,,,236.6677419355,121.6571428571,2017-04-06
158.6458333333,,,,128.9,,90.0666666667,107.0212765957,,102.9574468085,,,144.2340425532,,,173.1098958333,131.3255813953,2017-04-07
144.0227272727,,,,129.625,,46.7074074074,92.4842105263,,95.5128205128,,,116.976744186,,,109.7115853659,106.1904761905,2017-04-08
41.7916666667,,,,38.5555555556,,48.8234042553,38.1348314607,,39.8333333333,,,53.9375,,,75.7098947368,47.7631578947,2017-04-09
68.0714285714,,,,71.40625,,73.9888888889,50.5076923077,,55.1666666667,99.1,,80.9285714286,,,93.2369791667,145.75,2017-04-10
73.2173913043,,,,72.7857142857,,70.7279069767,53.0555555556,,40.7368421053,82.3636363636,,66.2,,81,106.1710638298,145.2380952381,2017-04-11
128,,,,187.3333333333,,79.9851851852,108.1428571429,,68.4615384615,93.7407407407,,101.6666666667,,88,121.2993333333,82,2017-04-12
248.7096774194,,,,128.2533333333,,109.7911764706,122.6666666667,,98.4193548387,122.8430555556,,142.9032258065,,161.4444444444,213.2678947368,102.5,2017-04-13
255.6875,,,,180.7446808511,,134.1941176471,180.9473684211,,145.1739130435,124.9217391304,,152.0416666667,,197.0294117647,244.5276041667,141.6388888889,2017-04-14
174.1041666667,,,,187.8085106383,,103.9142857143,94.3020833333,,80.3191489362,133.6106382979,,118.4166666667,,165.4666666667,205.225,98.3777777778,2017-04-15
159.6875,,,,171.2083333333,,137.1875,144.6666666667,,126.2083333333,114.275,,,,176.3571428571,220.158,162.9615384615,2017-04-16
130.7317073171,,,,123.8842105263,,114.38,119.3473684211,,111.6470588235,125.2563829787,,125.1666666667,,166.1666666667,187.3786666667,120.6774193548,2017-04-17
179.5652173913,,,,146.3263157895,,146.8666666667,120.4943820225,,103.7272727273,148.527173913,,136.4042553191,,158.3333333333,221.8369811321,130.5813953488,2017-04-18
224.5744680851,,,,119.1595744681,,119.8764705882,75.0107526882,,72.5319148936,124.6547619048,,103.7045454545,,133.7692307692,145.83,84.023255814,2017-04-19
213.3076923077,,,,111.1460674157,,100.7055555556,80.0943396226,,82.3571428571,126.6240963855,,180.4166666667,,124.875,59.8756382979,96.7209302326,2017-04-20
,,,,111.6455696203,,103.6363636364,113.9886363636,,,166.3820224719,,,,,56.4779120879,107.3720930233,2017-04-21
,,,,121.7368421053,,88.8648648649,55.0224719101,,,178.6011363636,,,,,54.9282978723,119.7954545455,2017-04-22
,,,,73.3296703297,,87.9115384615,9.4565217391,,,122.3253012048,,,,,42.4151041667,72.2727272727,2017-04-23
47,,,,56.6373626374,,152.0555555556,37.2282608696,,,108.5366666667,,,,21,25.7695833333,57.8837209302,2017-04-24
80.6857142857,,,,77.5319148936,,113.2978723404,46.2696629213,,72.5,105.2,,,,89.5416666667,38.091875,68.8611111111,2017-04-25
133.652173913,,,,86.2417582418,,87.0409090909,43.1630434783,,45.65,91.4541176471,,,,63.6511627907,60.0804395604,46.2857142857,2017-04-26
121.2857142857,,,,79.1818181818,,93.6375,73.3661971831,,67.0487804878,92.2046875,,,,84.9375,85.8932857143,57.53125,2017-04-27
135.6,,,,70.6060606061,,85.2285714286,54.9545454545,,78.1111111111,94.5651515152,,,,,82.0675757576,60.9705882353,2017-04-28
192.0303030303,,,,114.6086956522,,118.4344827586,83.6774193548,,93.7857142857,121.661627907,,,,113,138.4184375,97.5333333333,2017-04-29
88.9375,,,,61.9347826087,,92.2333333333,54.5652173913,,60.53125,93.1269662921,,,,85.2068965517,85.1459139785,52,2017-04-30
97.9230769231,,,,111.3111111111,,99.85,69.1397849462,,66.25,128.1741176471,,,,68.9333333333,112.064,52.8421052632,2017-05-01
81,,,,164.425,,155.4571428571,107.9655172414,,65.5,136.0772727273,,,,66,148.7241489362,130.0731707317,2017-05-02
188,,,,127.2134831461,,189.4,85.752688172,,159.5,139.7025,,,,185,136.4420879121,101.6351351351,2017-05-03
109.75,,,,110.2769230769,,178.5628571429,114.6373626374,,126.75,137.8431818182,,,,160.75,180.1093617021,94.32,2017-05-04
229.2857142857,,,,,,181.5425925926,138.021978022,,114.8857142857,117.4450549451,,,,149.4242424242,200.1423076923,,2017-05-05
276.6511627907,,,,268,,138.1,139.2127659574,,139.3461538462,99.4032608696,,,,159.8125,218.3010752688,,2017-05-06
202.6315789474,,,,,,,110.3736263736,,,93.0539325843,,,,149.2765957447,215.480212766,424,2017-05-07
155.8064516129,,,,,,134.2973684211,135.6705882353,,105.7777777778,90.6068181818,,,,174.9545454545,191.2765957447,164.2553191489,2017-05-08
88.4090909091,,,,,,100.9921052632,99.3717948718,,71.8,79.8352272727,,,,103.3023255814,109.8658510638,92,2017-05-09
73.1111111111,,,,,,77.9184210526,174.3947368421,,55.6888888889,58.9527472527,,,,87.2195121951,80.1677419355,59.0149253731,2017-05-10
152.6136363636,,,,,,130.1895833333,131.2857142857,,103.976744186,105.5875,,,,151.1590909091,223.3943820225,65.3333333333,2017-05-11
214.8666666667,,,,113,,151.075,195.7894736842,,192.4782608696,131.2786516854,,,,198.8888888889,309.8575531915,134.7,2017-05-12
254.9090909091,,,,197,,136.1107692308,130.7173913043,,120.3863636364,92.9229885057,,,,144.4523809524,209.6427956989,155.6,2017-05-13
200.4761904762,,,,265.5,,144.4350649351,63.686746988,,127.2608695652,86.7565217391,,,,115.2380952381,207.7004395604,102.25,2017-05-14
186.4545454545,,,,84.6666666667,,136.1607843137,48.0821917808,,74.7272727273,73.2370786517,,,,93.2,170.4584782609,79.56,2017-05-15
75.6052631579,,,,71.3333333333,,129.3962962963,87.4268292683,,69.2857142857,98.1566666667,,,,87.0344827586,166.9707526882,100,2017-05-16
81.1,,,,108.5652173913,,81.3275,138.1585365854,,66.2903225806,71.6588235294,,,,74.96875,130.0778494624,,2017-05-17
,,,,101.012987013,,104.2805555556,91.9583333333,,83.1111111111,63.5989010989,,,,108.5789473684,131.0950549451,,2017-05-18
293.125,,,,100.9166666667,,126.17,94.2033898305,,59,87.8444444444,,,,84.5,101.8355434783,,2017-05-19
347,,,,92.4473684211,,108.45,25.7931034483,,72.1212121212,161.8112359551,,,,112.7333333333,172.2572340426,,2017-05-20
107.0238095238,,,,113.6756756757,,119.1821917808,-15.7090909091,,88.6590909091,183.4333333333,,,,156.3513513514,205.615326087,,2017-05-21
134.7441860465,,,,161.156626506,,57.1934065934,155.9722222222,,92.3421052632,144.1988636364,,,,158.8536585366,74.7125531915,106.7857142857,2017-05-22
155,,,,120.0574712644,,81.95,103.9594594595,,70.8055555556,108.0423913043,,,,112.5,59.6431914894,78.9782608696,2017-05-23
,,,,97.5,,96,115.1016949153,,63.7692307692,117.9283333333,,,,93,74.2891666667,93.1714285714,2017-05-24
116.8,,,,110.5789473684,,108.1518518519,167.7432432432,,85.5714285714,112.85,,,,116.5,117.394375,114.6739130435,2017-05-25
72.4857142857,,,,89.2615384615,,93.7366666667,103.5844155844,,60.8139534884,123.8755555556,,26,,98.4857142857,92.8960416667,74.8461538462,2017-05-26
50.0930232558,,,,54.1917808219,,68.9567567568,122.6707317073,,44.7441860465,106.69375,,38.75,,86.1025641026,76.08125,58.320754717,2017-05-27
36.8048780488,,,,47.9,,61.7471910112,117.0740740741,,33.7441860465,77.3125,,36.4893617021,,44.7714285714,69.6125,38.3846153846,2017-05-28
57.2413793103,,,,57.6923076923,,60.9663157895,151.1688311688,,49.880952381,66.7847826087,,54.55,,66.5789473684,132.2741666667,55.4390243902,2017-05-29
55.2916666667,,,,55.1142857143,,61.0443181818,152.8484848485,,47.2857142857,73.9520833333,,48.2258064516,,61.9487179487,79.251875,48.4716981132,2017-05-30
99.1333333333,,,,93.25,,62.758,120.6818181818,,68.6315789474,74.64375,,77.625,,68.1176470588,201.8547619048,57.5636363636,2017-05-31
121.0869565217,,,,120.414893617,,65.0794117647,140.649122807,,95.6222222222,114.4510204082,,111.0638297872,,123.7878787879,178.2661702128,98.7301587302,2017-06-01
151.2444444444,,,,138.0860215054,,67.1444444444,105.2162162162,,96.0888888889,148.5638297872,,118.847826087,,131.3111111111,61.3176595745,93.82,2017-06-02
138.8333333333,,,,109.1489361702,,2.5772727273,165.1707317073,,74.5833333333,151.3854166667,,82.8333333333,,141.3829787234,60.8469565217,84.3333333333,2017-06-03
95.9310344828,,,,92.0649350649,,55.9160493827,119.0666666667,,102.0666666667,171.6979166667,,75.4583333333,,134.8387096774,58.3692857143,69.3898305085,2017-06-04
62.8181818182,,,,,,67.4166666667,77.8913043478,,46.8571428571,136.9127659574,,35.5714285714,,92.5333333333,71.4696551724,48.6842105263,2017-06-05
54.28,,,,64,,61.7022222222,,,73.8,115.3659574468,,48.0625,,94.5555555556,64.1692682927,51.8965517241,2017-06-06
50.7948717949,,,,44.6842105263,,54.3666666667,,,39.7714285714,71.28125,,48.5,,52.8285714286,77.4089583333,33.9827586207,2017-06-07
43.3111111111,,,,62,,39.5675675676,,,41.09375,61.7652173913,,47.7083333333,,51.0731707317,75.8727272727,42.7321428571,2017-06-08
72.880952381,,,,112.8172043011,,53.4526315789,,,70.8157894737,82.1479166667,,80.2857142857,,124.0294117647,80.6156818182,70.7407407407,2017-06-09
99.3555555556,,,,72.9222222222,,46.5975,,,64.3863636364,88.987755102,,72.5333333333,,79.4634146341,72.2970212766,52.4736842105,2017-06-10
76.9130434783,,,,71.4787234043,,47.2743243243,,,54.9047619048,63.6936170213,,55.488372093,,60.2954545455,70.2377083333,49.9848484848,2017-06-11
68.9428571429,,,,60.6021505376,,50.948,49.5,,53.0882352941,130.523255814,,47.5555555556,,72.25,66.4947619048,56.0298507463,2017-06-12
73.3548387097,,,,51.3440860215,,54.0277777778,101.5581395349,,85.8571428571,134.0083333333,,38.6206896552,,74.4827586207,59.5819565217,45.3731343284,2017-06-13
80.0465116279,,,,76.9444444444,,57.0611111111,101.8076923077,,124.3720930233,133.8438356164,,59.2291666667,,99.8510638298,59.9239130435,68.0666666667,2017-06-14
84.7272727273,,,,77.0869565217,,52.6566666667,72.54,,164.9512195122,151.5513513514,,66.8888888889,,118.45,70.0178723404,77.76,2017-06-15
50.8292682927,,,,45.3296703297,,47.5733333333,52.6025641026,,54.512195122,65.5013513514,,46.6818181818,,49.380952381,146.3641304348,41.1914893617,2017-06-16
56.4130434783,,,,53.3157894737,,49.2359375,67.9879518072,,62.9318181818,49.9583333333,,48.4893617021,,61.9047619048,52.4153333333,49.6382978723,2017-06-17
87.5,,,,79.5368421053,,61.0909090909,129.6413043478,,149.6052631579,66.7701754386,,64.5813953488,,112.9487179487,53.2406382979,77.7708333333,2017-06-18
38.0333333333,,,,41.1333333333,,55.3804878049,118.7205882353,,39.8846153846,36.6235294118,,30.724137931,,56.1851851852,47.959787234,36.2340425532,2017-06-19
42.0666666667,,,,40.5263157895,,52.2705882353,59.5185185185,,42.8333333333,61.5,,40.1818181818,,60.53125,55.3819148936,47.3673469388,2017-06-20
70.3695652174,,,,52.4623655914,,60.5594594595,81.3947368421,,53.4186046512,261.0166666667,,63.4666666667,,65.7368421053,59.39,58.1111111111,2017-06-21
79.2,,,,61.5479452055,,60.8317460317,89.7586206897,,48.9142857143,277.4517857143,,53.7021276596,,65.8205128205,60.5024489796,57.625,2017-06-22
76.525,,,,64.7671232877,,54.4566666667,124.9811320755,,38.358974359,119.5,,43.8974358974,,64.8055555556,59.5195,51.4848484848,2017-06-23
92.5,,,,80.8709677419,,88.564516129,224.2794117647,,62.4761904762,170.3247058824,,72.2244897959,,89.0227272727,73.9039583333,70.6888888889,2017-06-24
70.8043478261,,,,80.8404255319,,55.84,250.6153846154,,63.2045454545,131.22875,,64.829787234,,78.0714285714,64.61125,66.4893617021,2017-06-25
54.9736842105,,,,48.6195652174,,43.9125,242.2,,48.7948717949,70.1630769231,,55.85,,61.3142857143,51.9185416667,47.7234042553,2017-06-26
44.9130434783,,,,43.8222222222,,58.93125,115.9473684211,,34.0285714286,42.0084507042,,37.7872340426,,60.2307692308,62.2170833333,31.9361702128,2017-06-27
33.2727272727,,,,19.1428571429,,47.9703703704,122.2602739726,,27.1538461538,41.9518072289,,24.0256410256,,40.1470588235,49.6904651163,24.9375,2017-06-28
27.7272727273,,,,38,,47.86875,61.625,,28.488372093,55.561627907,,30.3636363636,,43.35,55.6791666667,26.6304347826,2017-06-29
53.1666666667,,,,45.8068181818,,58.0166666667,105.1044776119,,30.0697674419,46.5094117647,,33.4791666667,,37.9069767442,36.954375,32.5777777778,2017-06-30
53.2903225806,,,,58.9787234043,,49.91875,207,,47.7272727273,50.9670588235,,55.9032258065,,47.8275862069,38.3644680851,40.0416666667,2017-07-01
21.1555555556,,,,40.8404255319,,46.1325,103,,26.9210526316,48.5725,,18.6956521739,,33.1875,32.3975,19.3404255319,2017-07-02
72.4893617021,,,,66.8928571429,,40.8833333333,73.5818181818,,54.45,78.0034883721,,47.2127659574,,68.6744186047,57.6075555556,53.1666666667,2017-07-03
58.3888888889,,,,44.829787234,,71.2148148148,68.8404255319,,36.2,91.6620689655,,20,,62.9677419355,58.539375,47.2222222222,2017-07-04
58.2608695652,,,,56.0638297872,,,86.7659574468,,47.6511627907,109.4011111111,,30.7419354839,,79.1891891892,69.02875,53.125,2017-07-05
50.6511627907,,,,46.2872340426,,68.575,77.1413043478,,42.8095238095,87.4352272727,,25.3953488372,,62.4473684211,60.4327659574,44.1458333333,2017-07-06
56.5208333333,,,,39.8936170213,,36.9705882353,76.4725274725,,40.6888888889,63.327173913,,37.8333333333,,52.7368421053,41.775625,41.6595744681,2017-07-07
89.1041666667,,,,57.0842105263,,52.0388888889,74.6631578947,,50.3111111111,86.3786516854,,45.0625,,78.7741935484,67.4841666667,61.0625,2017-07-08
98.8125,,,,60.625,,51.6435897436,85.0543478261,,58.1538461538,88.4111111111,,55.1176470588,,75.8181818182,61.5145833333,51.9361702128,2017-07-09
50.5,,,,41.6526315789,,24.375,69.09375,,29.6666666667,72.58,,40,,68,50.9772916667,32.7708333333,2017-07-10
47,,,,32.8351648352,,18.0833333333,65.0526315789,,38.0714285714,61.1172413793,,39.2307692308,,64.5555555556,37.5838297872,31.6041666667,2017-07-11
30.2857142857,,,,27.347826087,,13.511627907,53.5568181818,,21.5555555556,46.2530864198,,32,,43,39.1553658537,23.5416666667,2017-07-12
23.5,,,,31.4642857143,,16.2278688525,50.8554216867,,23,57.1301204819,,29.3333333333,,38.1666666667,27.3122916667,22.4186046512,2017-07-13
46.9722222222,,,,34.0789473684,,17.975,55.7471264368,,32.90625,54.6105882353,,41.0625,,48.8518518519,27.93,31.9318181818,2017-07-14
50.6666666667,,,,41.6515151515,,25.9,62.7777777778,,37.4782608696,60.9071428571,,43.2857142857,,53.6,34.601875,33.4042553191,2017-07-15
49.6875,,,,46.9659090909,,28.95,62.4482758621,,46.8333333333,56.0853333333,,49.3333333333,,56.3333333333,37.875,36.7959183673,2017-07-16
53.4893617021,,,,39.5340909091,,45.3333333333,67.2444444444,,42.829787234,56.4674418605,,56.8571428571,,53.8717948718,48.8257142857,36.4888888889,2017-07-17
45.45,,,,46.2727272727,,21.0625,72.1264367816,,44.619047619,48.038961039,,51.875,,51.1666666667,45.102173913,37.1818181818,2017-07-18
70.3636363636,,,,46.8461538462,,32.4894736842,83.4615384615,,55.4838709677,45.4428571429,,47.0625,,78,63.377027027,59.7826086957,2017-07-19
34.1860465116,,,,27.2714285714,,27.3592592593,54.1222222222,,26.34375,41.9375,,42.1538461538,,44,38.2934090909,21.7173913043,2017-07-20
30.2558139535,,,,23.6515151515,,59.6,44.8111111111,,33.3181818182,47.0818181818,,25.3448275862,,33.7692307692,46.553125,17.6666666667,2017-07-21
35.3125,,,,27.9545454545,,53.953125,50.1413043478,,46.2291666667,46.4,,35.75,,41.7777777778,35.8077083333,21.8666666667,2017-07-22
38.8695652174,,,,28.2247191011,,64.845,45.2471910112,,32.5,43.5408163265,,,,37.619047619,35.71825,21.7446808511,2017-07-23
28.5217391304,,,,24.2222222222,,43.5976744186,46.5890410959,,21.2777777778,46.8666666667,,19,,31.9,33.365,16.1842105263,2017-07-24
25.8333333333,,,,22.56,,47.8,43.3090909091,,20.6666666667,40.0454545455,,23.1333333333,,33.3333333333,35.4746666667,16.0769230769,2017-07-25
46.625,,,,29.1648351648,,47.6666666667,55.0989010989,,24,20.434375,,35.085106383,,42.8461538462,84.6056410256,25.3617021277,2017-07-26
45.2424242424,,,,31.7096774194,,39.2483870968,50.0652173913,,11,3.1689655172,,28,,41.75,152.3562222222,24.7555555556,2017-07-27
39.4444444444,,,,35.3516483516,,64.2923076923,53.1538461538,,33.5714285714,36.7,,34,,34.96,57.3642222222,26.1914893617,2017-07-28
23.8333333333,,,,30.3424657534,,,58.2222222222,,32.375,47.4363636364,,23,,33.6666666667,48.9543478261,21.7111111111,2017-07-29
25.5,,,,13.1730769231,,,31,,13,42.5444444444,,21,,24.6,47.4785416667,9.1818181818,2017-07-30
42.5625,,,,22.7272727273,,42.05,37.3703703704,,16.1428571429,43.5714285714,,21.2666666667,,26.25,48.2535555556,17.5111111111,2017-07-31
63.9090909091,,,,22.4942528736,,50.3418604651,43.2333333333,,16.8333333333,39.996875,,22.9230769231,,34.5,47.8757446809,18.6041666667,2017-08-01
60.3125,,,,31.0235294118,,41.6133333333,53.3181818182,,30.9,58.2363636364,,34.6666666667,,45.375,53.7769230769,29.652173913,2017-08-02
50.5555555556,,,,32.3483146067,,51.0466666667,51.4239130435,,,62.536,,28.9666666667,,51.6428571429,59.5682978723,25.3777777778,2017-08-03
72.1666666667,,,,53.2747252747,,60.7361702128,90.0549450549,,,84.5389830508,,45.25,,81.2222222222,94.8139583333,51.9545454545,2017-08-04
,,,,69.4130434783,,40.3375,86.8043478261,,,89.6956521739,,,,,100.9452083333,57.3333333333,2017-08-05
69.1666666667,,,,60.623655914,,88.9625,83.1086956522,,62,93.2,,57.8571428571,,100.7142857143,102.18625,61.512195122,2017-08-06
53.7272727273,,,,36.4505494505,,78.32,69.6923076923,,40.3636363636,53.0914893617,,47.5,,60.6363636364,68.7839130435,45.2045454545,2017-08-07
55.25,,,,49.8395061728,,44.9,76.0106382979,,69.7692307692,59.0074074074,,65.0625,,60.9333333333,58.7535416667,41.6590909091,2017-08-08
63.875,,,,61.6179775281,,140.0384615385,86.1573033708,,42.125,59.4880597015,,44.25,,57.4285714286,58.3340425532,58.8695652174,2017-08-09
50.25,,,,39.3736263736,,85.4485714286,86.0227272727,,35.0833333333,66.3428571429,,,,55,56.2633333333,31.9111111111,2017-08-10
37.1666666667,,,,23.325,,26.803125,52.7666666667,,21.4,69.8363636364,,21.5294117647,,39.9565217391,51.0122916667,20.4285714286,2017-08-11
,,,,22.5340909091,,25.31875,41.978021978,,,,,,,,48.0834042553,,2017-08-12
31.6666666667,,,,28.2705882353,,38.3,55.1263157895,,18.6666666667,67.3,,26.75,,56.25,59.135106383,39,2017-08-13
,,,,30.3604651163,,35.925,58.511627907,,,72.0770833333,,,,,57.1352173913,28.1315789474,2017-08-14
50.3333333333,,,,35.9156626506,,49.7818181818,60.03125,,45,70.6258064516,,34.5714285714,,54.1666666667,56.5383333333,30.8958333333,2017-08-15
46.8333333333,,,,44.978021978,,49.1,65.9347826087,,38.5,82.3655172414,,36.7142857143,,59.8333333333,68.0041666667,40.4166666667,2017-08-16
67.724137931,,,,43.8709677419,,62.5461538462,68.8924731183,,40.1851851852,,,41.4482758621,,65.6785714286,76.3297916667,40.4375,2017-08-17
13,,,,39.6352941176,,53.1586206897,77.3260869565,,49.1904761905,48.02,,56.6111111111,,74.25,70.9847916667,43.4166666667,2017-08-18
,,,,33.4772727273,,34.2777777778,59.4838709677,,,,,,,,51.3977083333,30.8125,2017-08-19
26.5,,,,35.0235294118,,21.2157894737,47.1304347826,,,,,18,,29,47.1847916667,21.1914893617,2017-08-20
41.25,,,,33.2150537634,,32.4,58.4086021505,,35,,,30.6666666667,,46,51.0725,,2017-08-21
55.8,,,,43.7157894737,,37.1111111111,66.5161290323,,33.3333333333,59.462962963,,50.375,,45.375,36.1452083333,36,2017-08-22
46.7368421053,,,,48.6707317073,,34.0153846154,73.9761904762,,30.7777777778,58.5021978022,,42.35,,45.2631578947,48.1238095238,33.2,2017-08-23
,,,,64.9456521739,,64.7936170213,83.7631578947,,59,57.5170731707,,55,,52,72.5104166667,55.2,2017-08-24
42,,,,60.1460674157,,52.0489795918,78.652173913,,21,59.8353658537,,18,,18,63.515,47.3333333333,2017-08-25
38.4507042254,,,,42.4193548387,,31.4857142857,67.5222222222,,28.7857142857,57.2163043478,,34.8301886792,,47.8923076923,51.9225,52,2017-08-26
41.5376344086,,,,37.5625,,,66.6195652174,,39.1264367816,54.8927083333,,48.7471264368,,50.0804597701,60.745625,35.1666666667,2017-08-27
33.8875,,,,19.3,,83.5647058824,42.9479166667,,21.09375,57.3706521739,,31.0615384615,,33.3150684932,44.0910416667,12.75,2017-08-28
32.6271186441,,,,28.4222222222,,39.2290322581,48.6170212766,,25.3617021277,48.9052631579,,27.7708333333,,35,45.7235416667,14.5,2017-08-29
31.5483870968,,,,38.0449438202,,45.1047619048,53.2608695652,,28.380952381,67.6056179775,,31.1509433962,,36.0754716981,52.9851162791,23,2017-08-30
25.0363636364,,,,40.2643678161,,,67.935483871,,28.6341463415,53.2540229885,,33.1272727273,,34.56,48.9322916667,12,2017-08-31
35.175,,,,22.9310344828,,31.7,44.7356321839,,18,43.8909090909,,22.253968254,,30.7931034483,44.92,13.5,2017-09-01
31.6049382716,,,,25.4761904762,,43.845,48.6413043478,,19.8533333333,45.0989010989,,25.7215189873,,37.0757575758,49.7225,19,2017-09-02
61.7912087912,,,,33.4090909091,,69.2,51.3033707865,,27.8863636364,48.3247191011,,36.2065217391,,47.0722891566,59.4204166667,30,2017-09-03
38.4210526316,,,,36.6263736264,,61.8142857143,58.623655914,,27.0277777778,55.8765957447,,26.9102564103,,40.1527777778,58.6414583333,,2017-09-04
41.1847826087,,,,33.2045454545,,51.5402985075,57.5106382979,,23.675,55.6151162791,,37.256097561,,35.191011236,49.645625,28.5,2017-09-05
42.0568181818,,,,32.8,,53.895,59.5217391304,,31.0694444444,65.7325842697,,32.0789473684,,44.7125,22.9302083333,31,2017-09-06
77.0875,,,,50.404494382,,85.6132075472,72.1382978723,,49.961038961,55.9318181818,,68.011627907,,64.0266666667,68.65875,49.3333333333,2017-09-07
55.2048192771,,,,58.5777777778,,104.6571428571,100.2134831461,,49.8666666667,66.8895348837,,60.1428571429,,67.5348837209,70.77375,79,2017-09-08
57.85,,,,40.9130434783,,74.0406779661,83.2444444444,,49.0476190476,79.3786516854,,51.7222222222,,64,79.3022916667,66.5,2017-09-09
57.2857142857,,,,54.3666666667,,97.9833333333,83.7692307692,,60.2222222222,73.73,,60.6923076923,,68.1538461538,92.5389583333,66.4,2017-09-10
69.5476190476,,,,67.4512195122,,79.476744186,87.5632183908,,42.756097561,77.6157303371,,49.9761904762,,66.6666666667,80.9267346939,49.3333333333,2017-09-11
58.4375,,153.61,,71.0425531915,77.13,81.6294117647,74.6853932584,,45.1951219512,77.1302325581,,49.2025316456,,64.4634146341,75.1075,,2017-09-12
71.4428571429,,,,80.5348837209,,83.6333333333,110.9139784946,43.18,65.3625,75.7388888889,,68.7469879518,,87.4,81.6840909091,91,2017-09-13
96.6944444444,,0,45.6625,86,0,97.9840909091,108.0879120879,87.052173913,76.8717948718,73.9264367816,96.04,82.9855072464,17.94,161.6025641026,119.3566666667,85.8965517241,2017-09-14
70.875,,53.2735,54.0619354839,54.8390804598,0.84046875,80.0577777778,85.1818181818,45.1619672131,56.4333333333,64.65,75.2586440678,53.5,34.0706451613,88.4285714286,78.2904444444,59.4893617021,2017-09-15
,,49.738028169,65.9556716418,67.1866666667,48.2220895522,86.6933333333,95.0684931507,60.4298529412,,57.6301886792,73.4297058824,,40.8904347826,,81.1973913043,68.4523809524,2017-09-16
74,,79.6617647059,83.6375,68.3580246914,5.9102857143,73.6906976744,68.5263157895,51.3166666667,41,53.6164556962,68.5706451613,57,39.24,88.75,58.5827083333,53.2790697674,2017-09-17
57.1176470588,,41.4851724138,85.7496428571,60.7704918033,70.6644827586,72.9394736842,95.1538461538,45.0888235294,47.4117647059,68.7416666667,84.2207142857,53.4444444444,38.9195238095,81.9444444444,57.0586842105,59.358974359,2017-09-18
83.34,,22.0305263158,124.895,81.3898305085,25.7555,69.0590909091,122.0151515152,83.735,79.6964285714,74.3886792453,86.8176666667,84.4680851064,35.258,124.0909090909,65.1548717949,86.2564102564,2017-09-19
106.9032258065,,49.7082142857,68.53,106,76.8792307692,108.375,111.76,74.19,97.5862068966,75.1142857143,120.0534615385,108.5,65.2896296296,150.5625,104.3425,104.6071428571,2017-09-20
34.7450980392,,82.5373333333,50.8878571429,64.3448275862,49.1586666667,48.77,77.6181818182,33.9457142857,39.5909090909,69.8644067797,29.162,47.48,28.855,76.4871794872,69.4925,37.5526315789,2017-09-21
18.6666666667,,,28.62,27.2368421053,67.38,31.8272727273,52.25,23.755,17.2363636364,84.2710526316,19.265,16.196969697,,31.6206896552,43.5391489362,13.3863636364,2017-09-22
29.0972222222,,,36.2643243243,17.7142857143,57.2071875,40.2564516129,75.313253012,25.8602857143,27.3846153846,69.5703703704,30.2306976744,23.2112676056,,38.1224489796,43.1724444444,21.6956521739,2017-09-23
51.1604938272,,31.23,60.2085542169,49.5681818182,29.852195122,47.6461538462,71.7,38.0734939759,47.9759036145,73.0180722892,70.1318518519,52.7792207792,,67.5697674419,60.8316666667,49.2391304348,2017-09-24
65.0147058824,66.5333333333,64.1055737705,84.1601234568,72.8214285714,75.1248101266,73.4473684211,90.5256410256,52.3570238095,59.7283950617,76.7205128205,87.5686585366,65.4927536232,42.2383050847,94.8205128205,60.0010869565,61.4347826087,2017-09-25
110.2452830189,71.4290666667,63.615,92.5756164384,84.8554216867,80.3433333333,81.124137931,107.2096774194,59.8669736842,79.8,91.3620253165,95.4046666667,68.3442622951,48.5018072289,117.7627118644,82.3558333333,74.3555555556,2017-09-26
95.1492537313,94.4846969697,80.5469565217,97.5731746032,85.7536231884,96.1841269841,93.2236842105,123.4186046512,71.157755102,87.0357142857,106.4412698413,108.2830769231,64.9166666667,62.1985483871,115.3636363636,85.8327083333,83.05,2017-09-27
124.0357142857,111.0975510204,78.0258490566,91.056875,105.1449275362,35.4480645161,108.0772727273,144.641509434,69.0234,75.5849056604,129.4344262295,117.8646938776,78.6724137931,54.3672916667,102.0454545455,78.1059574468,122,2017-09-28
106.4166666667,103.749375,68.6414035088,123.8424561404,106.7126436782,73.6244927536,79.9074074074,118.3636363636,73.97421875,81.7361111111,114.42875,106.8991428571,86.90625,48.7165079365,126.9746835443,72.5372916667,89.59375,2017-09-29
98.3291139241,103.8309677419,70.10640625,95.4813043478,78.0681818182,42.9327941176,96.5945454545,125.25,69.2422222222,83.4794520548,115.8456790123,99.0428947368,76.6125,62.78109375,128.1375,78.4933333333,91.1458333333,2017-09-30
91.2307692308,44.49,14.18,124.2,85.1411764706,69.1886764706,71.7979591837,85.5454545455,62.5746052632,61.16,100.7670731707,,69.7808219178,,109.7,78.694375,71.5,2017-10-01
87.0243902439,56.5369565217,20.35,73.8885,69.8292682927,17.7674285714,59.895,80.8596491228,46.9597222222,75.4117647059,103.4063291139,64.49,70.3684210526,44.462,105.1111111111,71.0927083333,58.3404255319,2017-10-02
88.6769230769,100.3939726027,70.9397468354,119.83375,106.5125,67.3105714286,86.619047619,295.1714285714,65.6185714286,82.2916666667,121.4208333333,106.3413636364,87.4705882353,52.3380769231,117.7866666667,71.12,80.5,2017-10-03
80,98.4334117647,74.5156410256,100.8472727273,90.8863636364,65.1009589041,144.6611111111,117.6329113924,61.446125,79.52,94.0382716049,114.1077419355,84.9166666667,51.829382716,124.9230769231,109.4713043478,80.6279069767,2017-10-04
87.7777777778,68.7561538462,64.3533333333,83.4621176471,86.0120481928,73.26675,77.6146341463,96.8947368421,58.8577192982,83.9166666667,112.8160493827,98.2265,76.0454545455,30.3990909091,102.7857142857,126.1722916667,75.0444444444,2017-10-05
87.7796610169,77.183253012,60.7071084337,82.9757317073,85.0337078652,67.936875,66.1260869565,93.3111111111,16.3907692308,69.3269230769,139.804109589,96.575942029,79.3064516129,35.277721519,100.0972222222,143.8647916667,74.0625,2017-10-06
141.5952380952,103.1410126582,61.01515625,116.167260274,122.6428571429,5.6771794872,79.8431818182,118.670886076,79.5133846154,111.375,119.0544117647,122.2518918919,109.8113207547,57.3861627907,144.5818181818,131.9508333333,97.25,2017-10-07
192.670886076,151.3012658228,101.7876190476,157.7195121951,142.6470588235,61.7192592593,89.4232142857,143.7530864198,104.5728395062,125.2083333333,144.3614457831,161.7382608696,137.5194805195,75.2635294118,164.037037037,185.1812765957,133.5869565217,2017-10-08
158.9310344828,131.1653521127,99.2547058824,149.2330985916,154.0340909091,124.0492307692,78.0754716981,97.6607142857,97.3582352941,113.3157894737,141.1765625,142.9893975904,128.625,66.032962963,168.0508474576,167.6308333333,117.5,2017-10-09
174.8142857143,115.2063414634,82.9190123457,167.595625,171.0697674419,4.828625,109.3952380952,112.0459770115,106.8697530864,144,133.2172839506,166.2802564103,127.2978723404,76.6216049383,160.8055555556,170.8004166667,131.1136363636,2017-10-10
174.4117647059,120.6541666667,50.9502469136,134.1109259259,160.5294117647,90.4519354839,110.0385964912,118.1609195402,104.366746988,127.527027027,145.2345679012,182.7950617284,142.34375,79.4423170732,147.6956521739,150.0297826087,115.3958333333,2017-10-11
202.8405797101,8,107.9724050633,158.0930434783,197.8860759494,1.2136507937,143.6571428571,129.7763157895,115.6748717949,141.5074626866,167.7893333333,159.236835443,159.8852459016,97.1538961039,161.696969697,195.466,135.1162790698,2017-10-12
201.6666666667,8,110.7882666667,157.7369811321,167.4411764706,126.3095890411,119.5614035088,122.4337349398,111.2717567568,128.2205882353,162.4802816901,151.4460606061,138.1929824561,86.9942857143,163.7857142857,189.1107894737,135.8,2017-10-13
200.3421052632,8,120.4617948718,151.8516438356,170.023255814,134.8870422535,133.1442622951,137.0705882353,112.2105405405,139.03125,150.2688311688,165.1815492958,156.8367346939,91.7946376812,174.0163934426,184.8583333333,133.2222222222,2017-10-14
225,8,107.4872727273,159.3636734694,219,108.1232692308,138.3846153846,136.2906976744,106.87,126.2686567164,147.180952381,161.0814,155.0384615385,95.0539285714,188.3064516129,204.47875,129.1111111111,2017-10-15
188.803030303,8,114.7640740741,149.5873913043,212.0943396226,113.5052173913,125.4230769231,143.3625,106.2366666667,129.7962962963,169.1414634146,157.8659259259,165.8412698413,91.2089655172,206.9841269841,185.662826087,157.0444444444,2017-10-16
234,8,88.2425925926,158.8707692308,187.6266666667,117.732962963,117.4396551724,186.6086956522,115.152962963,162.1315789474,169.0214285714,163.9855172414,169.8,120.1788888889,176.8888888889,149.0457446809,160.4,2017-10-17
209.4528301887,8,113.9158536585,183.2024137931,249.3205128205,153.9011111111,126.0854545455,126.2222222222,137.8321621622,182.4705882353,200.8657142857,164.3383870968,207.2244897959,121.18775,206,207.9521276596,,2017-10-18
300.8524590164,310.119375,226.14875,163.829,330.9466666667,277.3295454545,188.662962963,185.7192982456,353.7955555556,243.6744186047,316.8953846154,219.5676470588,167.1666666667,195.2573333333,328.8076923077,355.0902380952,347,2017-10-19
387.8846153846,631.5066666667,212.7725,184.83,294.6470588235,87.825,142.6042253521,239.5714285714,686.9966666667,278.5897435897,365,264.115,92.0666666667,129.94,432.8484848485,370.1638554217,234.4814814815,2017-10-20
305.3673469388,144.8066666667,125.6246153846,178.0966666667,242.3950617284,172.972,130.152173913,254.8974358974,155.291,235.1071428571,205.9175,171.855,237,128.6057142857,252.4590163934,204.0144578313,216.4888888889,2017-10-21
207.3166666667,156.1342105263,97.8723333333,151.6938888889,171.1162790698,36.0727272727,96.9357142857,193.3888888889,143.665,169.3333333333,170.3518072289,172.712,228,108.4913333333,186.9638554217,172.6583333333,148.1363636364,2017-10-22
227.8909090909,154.225,119.3072413793,152.761,236.4523809524,58.7153125,108.8859375,174.8125,110.9817647059,107.84,237.0938271605,162.6584615385,178.3043478261,112.0516666667,182.6617647059,205.2541176471,135.3863636364,2017-10-23
218.7307692308,187.2916666667,134.7718181818,185.3957142857,249.25,0,111.2265625,165.5769230769,166.241,188.5,170.4226190476,208.9009090909,221.5151515152,135.8569230769,225.7619047619,205.5105882353,178.0212765957,2017-10-24
265.7450980392,191.9344444444,142.3776190476,194.7418181818,254.987654321,59.828,126.3214285714,203.0943396226,197.3877777778,179.4615384615,110.0428571429,187.482,212.3148148148,132.5966666667,234.196969697,199.8905882353,185.1860465116,2017-10-25
217.8653846154,178.0666666667,162.7214285714,133.1,238.1647058824,163.0778571429,139.1083333333,138.7777777778,152.6642857143,163.8372093023,126.2833333333,200.4366666667,190.7419354839,104.4785714286,197.1212121212,174.095,158.4047619048,2017-10-26
252.5849056604,,158.7381818182,174.0233333333,248.9651162791,167.2833333333,109.9214285714,163.3376623377,216.6333333333,196.1458333333,187.3247058824,190.94,229.3333333333,134.6485714286,231.1551724138,165.6962264151,183.8409090909,2017-10-27
229.5857142857,,139.47875,274.53,251.1927710843,176.85,108.7431034483,124.1492537313,175.9933333333,183.484375,181.2053333333,,206.1857142857,146.825,217.0133333333,186.1214285714,185.7555555556,2017-10-28
238.34375,,212.07,,262.25,0,90.3058823529,140.125,211.86,187.2307692308,183.3556962025,,207.6119402985,,219.4415584416,183.9686046512,195.1136363636,2017-10-29
255.8928571429,185.95,187.44,,262.5060240964,0,65.5130434783,203.0348837209,,178.8333333333,193.6381578947,,235.7272727273,,205,216.1865853659,210.1627906977,2017-10-30
292.3846153846,181.9833333333,126.935,215.03,379.6913580247,157.74,59.4490909091,261.6578947368,,224.0869565217,242.4444444444,202.05,264.7586206897,,296.4375,205.7571428571,257.5555555556,2017-10-31
193.5882352941,152.85,132.6066666667,118.975,236.48,113.83,74.2927272727,197.8133333333,181.322,180.2666666667,139.1026666667,109.815,181.3939393939,111.6433333333,178.347826087,420.812,175.1627906977,2017-11-01
221.4038461538,,100.362,153.1,216.2307692308,0,53.2436363636,220.6333333333,185.445,178.1111111111,160.3232876712,143.82,213.1666666667,113.28,210.0444444444,230.7972972973,194.7674418605,2017-11-02
228.6666666667,174.72,122.0685714286,151.575,267.904109589,48.07,126.5634615385,247.3863636364,184.6,188.1428571429,166.4860759494,163.57,216.3965517241,,205.2166666667,166.6366666667,205.4666666667,2017-11-03
252.71875,125.78,141.85,203.665,249.4268292683,,134.8130434783,272.037037037,255.03,178.9076923077,174.8913043478,158.97,245.3181818182,83.93,239.7258064516,208.129787234,201.6097560976,2017-11-04
313.2777777778,,218.6,,255.375,,167.179245283,286.8,,196.3389830508,211.0833333333,,282.0185185185,,210.2280701754,238.1666666667,200.5777777778,2017-11-05
279.2542372881,0,184.65375,174.925,518.4875,,208.7576923077,237.0980392157,246.11,350.6,290.1953846154,138.18,313.2,145.77,279.7333333333,357.8565217391,269.0666666667,2017-11-06
380.4423076923,249.48,191.795,483.02,596.9125,,354.5945454545,356.1481481481,483.895,585.5555555556,438.5568181818,209.06,658.9122807018,238.43,512.8,555.497826087,543.5,2017-11-07
351.7169811321,651.0275,308.38,558.052,559.2,525.9114285714,408.0616666667,674.7068965517,558.7057142857,677.7894736842,493.9743243243,490.43,479.4482758621,535.9378571429,711,499.1021276596,755.3571428571,2017-11-08
596.21875,247.51,296.89,242.41,673.7692307692,466.7166666667,341.2733333333,566.8641975309,310.83,624.8431372549,443.6105263158,375.995,621,368.4308333333,472.6304347826,457.8693877551,445.5454545455,2017-11-09
403.2580645161,257.5083333333,214.3985714286,272.556,414.4578313253,303.4728571429,326.4054054054,312.0470588235,260.3533333333,409.0769230769,338.7084337349,268.9175,390.4,229.566,330.9565217391,352.9216216216,329.075,2017-11-10
512.9861111111,352.8316666667,319.7757142857,403.9971428571,645.7976190476,357.5175,313.8691358025,383.1111111111,393.3111111111,441.1470588235,318.080952381,370.2314285714,547.9696969697,289.495,417.5217391304,403.1905882353,404.8444444444,2017-11-11
529.0714285714,392.7025,343.92,437.1033333333,629.375,334.8527272727,270.82125,436.8636363636,399.908,478.175,414.8,366.606,575.1571428571,349.0804166667,445.323943662,464.2593406593,462.5,2017-11-12
464.3384615385,288.74,242.6533333333,245.6053333333,502.8928571429,314.9275,147.676119403,251.8,257.5291666667,401.8780487805,327.430952381,26.8,396.350877193,253.995,343.5423728814,352.962195122,325.7209302326,2017-11-13
288.5778333333,,,248.0632,350.5903614458,,122.153125,203.1851851852,280.5568421053,277.6666666667,217.5169014085,,280.5,183.04,285.9344262295,239.637037037,284.9111111111,2017-11-14
189.4705882353,145.0688888889,147.0538888889,172.6085714286,278.4512195122,128.3277777778,129.0779661017,171.3026315789,197.759,177.6153846154,202.285915493,196.2378947368,175.1875,144.1648,180.125,183.0828947368,197.5957446809,2017-11-15
286.75,181.0775,115.9618181818,178.0694444444,225.5416666667,164.6791666667,172.4754385965,144.4933333333,186.4158333333,170.75,207.7088235294,154.2954166667,177.0952380952,135.2229166667,209.619047619,162.5,198.9333333333,2017-11-16
157.5,138.6313043478,99.792,144.7654166667,200.9846153846,149.1454166667,131.8423076923,121.5555555556,164.6479166667,119.7142857143,164.6111111111,146.5134782609,162.3125,104.2808333333,153.3636363636,135.7268656716,169.9024390244,2017-11-17
,129.3316666667,96.6875,139.1366666667,171.7466666667,124.3241666667,122.1375,114.0694444444,131.3945833333,,154.6453125,125.1891666667,,93.82375,,128.3506666667,160.0714285714,2017-11-18
143,128.2566666667,,121.4893333333,194.0735294118,136.08875,135.0471698113,131.4927536232,115.058,118,180.175,113.568,151,82.3606666667,169,134.9293333333,157.8571428571,2017-11-19
169.6,179.1990909091,86.5,169.559047619,269.0819672131,165.8344444444,146.0886363636,164.6774193548,173.8522727273,127,178.9453125,166.2519047619,165.1111111111,118.0759090909,167.3636363636,151.8742857143,191.2142857143,2017-11-20
332.8235294118,139.805,155.033125,176.4429166667,305.9242424242,143.4091666667,117.548,185.8088235294,178.1583333333,258.2,187.5047619048,171.4175,293.4285714286,130.1020833333,237,174.9855072464,172.0697674419,2017-11-21
229.2307692308,136.35875,122.4036363636,167.1904166667,250.7692307692,130.7060869565,129.0739130435,157.0545454545,155.6508333333,157.6,189.2528301887,159.4445833333,213.2,121.5033333333,176.0434782609,176.5465517241,164.1627906977,2017-11-22
207.8,125.1891304348,125.2254166667,171.0941666667,286.0192307692,133.51875,148.4339622642,145.8421052632,167.6420833333,142.2,197.5537037037,170.5860869565,157.7692307692,117.0108333333,181.8571428571,209.5783333333,173.7142857143,2017-11-23
198.5454545455,111.4304347826,113.5879166667,167.7579166667,306.2857142857,142.0195833333,159.8153846154,165.9122807018,146.1743478261,155.1111111111,188.2189655172,181.53625,171.8333333333,127.9825,196.75,211.7948275862,175.7368421053,2017-11-24
267.3333333333,155.1639130435,111.1334782609,197.2404545455,285.8181818182,164.7356521739,144.6267857143,179.868852459,178.4670588235,164.5,196.1979591837,198.8995652174,251.2222222222,121.0447826087,246.8,228.1706896552,188.05,2017-11-25
457,191.0220833333,149.1917391304,239.705,334.625,197.4904347826,157.3133333333,177.2727272727,180.4670588235,236,253.475,199.982173913,,138.76,299,209.012987013,217.2954545455,2017-11-26
311.8717948718,161.8308333333,136.42375,184.6079166667,312.8591549296,174.2209090909,171.9,180,120.907,196,270.1,207.3425,167,136.5582608696,239.7647058824,316.1,191,2017-11-27
176.1428571429,154.445,116.709047619,240.0911764706,186.1428571429,131.1258333333,133.1806451613,165.8684210526,89.05,142.7142857143,185.7771428571,183.46,,93.9566666667,217.875,226.4705882353,182.0384615385,2017-11-28
290.0666666667,164.27875,144.72,259.6520833333,343.3015873016,149.5568181818,168.6436363636,195.4827586207,,210.6,192.4884615385,244.70875,92,131.2358333333,276.5925925926,220.8015384615,219.4523809524,2017-11-29
301.0681818182,157.3795238095,120.0135714286,280.8136363636,307.8548387097,235.2636363636,180.2711538462,161.6129032258,,229.9666666667,249.4929824561,188.54875,,147.3854166667,250.3863636364,239.5393442623,214,2017-11-30
302.8148148148,147.8725,130.3160869565,240.103,320.8823529412,159.1793333333,147.5765625,155.5555555556,,166.975,186.6315789474,187.77,,103.21125,234.9428571429,189.9428571429,186.375,2017-12-01
419.6037735849,176.4665217391,156.2177272727,240.465,257.2068965517,139.9123809524,191.6162790698,182.7543859649,137.239375,208.12,216.0709090909,191.0917391304,,111.2761904762,286.2,210.6862068966,184.0789473684,2017-12-02
425.9361702128,176.3443478261,216.3446153846,268.679375,409.6379310345,181.1086363636,180.2104166667,208.7407407407,229.2556521739,247.1142857143,277.3471698113,213.9231818182,,124.4157894737,305.8918918919,276.9433962264,244.5714285714,2017-12-03
405.2037037037,211.316,182.4595833333,257.5565,336.5714285714,192.95,153.7615384615,192.2419354839,245.7716666667,212.8214285714,246.1551724138,238.2213043478,,128.0238888889,340.8055555556,250.8704918033,260.4146341463,2017-12-04
295.025,,210.6742857143,311.7783333333,256.1568627451,248.62625,127.98,122.6842105263,278.6128571429,196.4285714286,202.5441860465,283.025,,221.7242857143,251.4594594595,197.5581818182,223.4054054054,2017-12-05
128.3333333333,100.9008333333,65.6047058824,94.1770588235,120.9318181818,73.3229411765,69.4869565217,91,84.326875,127.1428571429,128.7760869565,118.05875,156.3076923077,51.7563636364,152.1052631579,91.462962963,167.4444444444,2017-12-06
106.5384615385,85.4480952381,69.7486363636,86.7170833333,113.125,65.877826087,63.6653061224,241,76.9222727273,89.0666666667,108.2348837209,105.2586363636,119.5,58.4008695652,116.5217391304,100.7301886792,94.24,2017-12-07
232.1071428571,110.8328571429,92.7964285714,112.3969230769,293,94.0588888889,99.1853658537,122.3043478261,95.4276923077,137.0666666667,133.296969697,109.0676923077,199.53125,80.5291666667,209.8125,123.9619047619,151.0384615385,2017-12-08
351.6851851852,136.3755,176.584,121.528,289.619047619,119.4145833333,139.9893939394,155.5068493151,120.51,198.5428571429,185.0881355932,87.7090909091,264.296875,121.94,242.9787234043,198.6432098765,181.7804878049,2017-12-09
388.6075806452,,,240.43,373.8571428571,,140.05,180.9240506329,233.47,233.8125,219.9833333333,328.31,310.1846153846,,256.35,226.0369863014,214.7272727273,2017-12-10
294.8062790698,121.0588888889,,134.6745,277.5897435897,79.7195,121.4828571429,143.884057971,137.5055555556,225.0666666667,147.8380952381,135.1144444444,264.7547169811,87.410625,190.8039215686,183.3323943662,180.1395348837,2017-12-11
163.25,97.2279166667,,110.6570833333,173.95,95.6195238095,72.2352941176,171.2794117647,98.6545454545,128.4,112.315625,110.7045833333,162.4230769231,71.1420833333,135.1590909091,91.6454545455,161.170212766,2017-12-12
192.9333333333,96.835,,114.4413043478,207.8709677419,99.0915789474,75.5196078431,159.8939393939,136.7,175,128.435,122.79,186.1111111111,77.84,186.4117647059,102.653968254,175.5227272727,2017-12-13
167.3333333333,,,103.9304166667,149.4166666667,91.8395652174,85.106,150,114,123.3333333333,114.1780487805,127.14625,148,,107.3333333333,94.2631578947,158.3658536585,2017-12-14
224.4,96.2511111111,,118.12,177.5535714286,103.0816666667,79.4086206897,145.7567567568,112.1530434783,158.7692307692,117.5444444444,72.3179166667,169.3125,69.9009090909,181.0625,98.803125,161.1052631579,2017-12-15
,89.09,,101.2331818182,192.9393939394,91.3705,81.5913793103,137.8461538462,98.82625,,97.3916666667,16.7226086957,,71.0395652174,,88.2565789474,130.5,2017-12-16
,69.216875,,89.435625,170.1692307692,63.6611764706,77.1015873016,121.4423076923,,,108.6333333333,16.6411764706,,59.9935294118,178,73.6069444444,116.6785714286,2017-12-17
216.8333333333,94.5855555556,62.485,130.2755555556,218.4375,109.77125,81.2902439024,171.08,117.1727777778,140.6,151.4162790698,113.9746666667,165.7,86.5711111111,155.3191489362,100.4478873239,156.7,2017-12-18
292.5,134.4281818182,123.939375,164.94875,320.0677966102,131.4347826087,130.2837837838,238.3777777778,168.9245833333,209.12,175.6767857143,167.5082608696,271.1176470588,112.4425,196.4,169.6109375,219.2666666667,2017-12-19
477.3055555556,199.274,158.058,215.15,434.7818181818,161.218,184.22,375.2972972973,205.87,365.6842105263,261.7652173913,194.4075,424.8571428571,135.074,264.75,273.4254237288,372.8918918919,2017-12-20
374.7142857143,,,,375.6078431373,,,281.4571428571,,275.1904761905,261.8642857143,,292.4705882353,,254.2333333333,213.8769230769,324.3333333333,2017-12-21
149.7407407407,75.728,62.2394444444,,216.5294117647,73.423125,70.4842105263,148.5405405405,106.8327777778,125.8125,168.6185185185,99.4015384615,127.2647058824,72.060625,151.5555555556,123.9885245902,169.3333333333,2017-12-22
219.9705882353,94.1163157895,82.4979166667,192.8344444444,238.8913043478,92.80625,84.8611111111,150.0666666667,101.8379166667,140.8125,150.9384615385,104.5468181818,183.6216216216,56.4375,173.0476190476,142.5782608696,136.0434782609,2017-12-23
356.5463888889,130.3336363636,126.8222727273,310.1114285714,293.4047619048,137.49,143.8981132075,264.8780487805,195.3304545455,198.4666666667,212.6563636364,137.79,231.8709677419,126.0605,262.3658536585,210.1673076923,213.7142857143,2017-12-24
333.8666666667,200.60125,,298.0766666667,400.0689655172,,139.0153846154,286.5555555556,235.4647058824,238.5,274.13,137.79,473.2,171.0126315789,276.1666666667,286.8357142857,269.625,2017-12-25
258.4285714286,177.2811764706,215.2708333333,261.2194736842,406.6285714286,207.88,130.6939393939,249.0769230769,212.5522222222,186.4,199.05,163.1481818182,488,147.7504761905,146,292.172972973,216.2380952381,2017-12-26
383.8787878788,145.74,159.8460869565,197.0716666667,310.9558823529,176.35375,134.7984126984,230.3043478261,171.9391666667,218,275.9786885246,302.3982352941,310.4615384615,150.7558333333,251.8918918919,299.55,225,2017-12-27
292.9375,157.803,143.1930434783,261.6472222222,287.7222222222,207.4276470588,123.8590909091,228.8363636364,223.2241666667,225.65,263.5544117647,297.22,264.9230769231,140.8156521739,320.2564102564,235.8453333333,235.7586206897,2017-12-28
344.4090909091,199.435,136.0795454545,273.2626086957,334.8947368421,230.1273913043,141.3583333333,243.4666666667,223.9292857143,277.5217391304,305.0754098361,260.0952173913,321.6585365854,172.7934782609,254.1489361702,265.2223880597,310,2017-12-29
400.3571428571,205.6920833333,198.3733333333,333.2354166667,389.8157894737,215.0726086957,153.4236363636,278.3,265.8414285714,292.6,281.5962264151,319.2839130435,286.3181818182,182.8908333333,297.2432432432,312.2309090909,277.3636363636,2017-12-30
754,223.7069565217,150.583,404.9966666667,300.6842105263,235.51125,203.8442307692,265.9743589744,,,277.3183333333,306.7116666667,557,195.1370833333,672,369.7363636364,317.6,2017-12-31
