,Station,Latitude,Longitude,Date,PM2.5
0,Anand Vihar,28.6508,77.3152,2017-09-25,65.0147058824
1,"Aya Nagar, Delhi - IMD",28.4706914,77.1099364,2017-09-25,66.53333333329999
2,"Burari Crossing, Delhi - IMD",28.7256504,77.2011573,2017-09-25,64.1055737705
3,"CRRI Mathura Road, Delhi - IMD",28.5512005,77.2735737,2017-09-25,84.16012345680001
4,Delhi Technological University,28.744,77.12,2017-09-25,72.8214285714
5,"IGI Airport Terminal-3, Delhi - IMD",28.5627763,77.1180053,2017-09-25,75.1248101266
6,IHBAS,28.6821,77.305,2017-09-25,73.4473684211
7,Income Tax Office,28.6235,77.2494,2017-09-25,90.5256410256
8,"Lodhi Road, Delhi - IMD",28.5918245,77.2273074,2017-09-25,52.3570238095
9,Mandir Marg,28.6341,77.2005,2017-09-25,59.7283950617
10,NSIT Dwarka,28.591,77.05,2017-09-25,76.7205128205
11,"North Campus, Delhi - IMD",28.6573814,77.1585447,2017-09-25,87.5686585366
12,Punjabi Bagh,28.6683,77.1167,2017-09-25,65.4927536232
13,"Pusa, Delhi - IMD",28.639645,77.146262,2017-09-25,42.238305084699995
14,R K Puram,28.5648,77.1744,2017-09-25,94.8205128205
15,Shadipur,28.6517,77.1581,2017-09-25,60.0010869565
16,Siri Fort,28.5504249,77.2159377,2017-09-25,61.4347826087
17,Anand Vihar,28.6508,77.3152,2017-09-26,110.2452830189
18,"Aya Nagar, Delhi - IMD",28.4706914,77.1099364,2017-09-26,71.4290666667
19,"Burari Crossing, Delhi - IMD",28.7256504,77.2011573,2017-09-26,63.615
20,"CRRI Mathura Road, Delhi - IMD",28.5512005,77.2735737,2017-09-26,92.5756164384
21,Delhi Technological University,28.744,77.12,2017-09-26,84.8554216867
22,"IGI Airport Terminal-3, Delhi - IMD",28.5627763,77.1180053,2017-09-26,80.3433333333
23,IHBAS,28.6821,77.305,2017-09-26,81.124137931
24,Income Tax Office,28.6235,77.2494,2017-09-26,107.20967741940001
25,"Lodhi Road, Delhi - IMD",28.5918245,77.2273074,2017-09-26,59.8669736842
26,Mandir Marg,28.6341,77.2005,2017-09-26,79.8
27,NSIT Dwarka,28.591,77.05,2017-09-26,91.3620253165
28,"North Campus, Delhi - IMD",28.6573814,77.1585447,2017-09-26,95.4046666667
29,Punjabi Bagh,28.6683,77.1167,2017-09-26,68.34426229510001
30,"Pusa, Delhi - IMD",28.639645,77.146262,2017-09-26,48.501807228900006
31,R K Puram,28.5648,77.1744,2017-09-26,117.7627118644
32,Shadipur,28.6517,77.1581,2017-09-26,82.3558333333
33,Siri Fort,28.5504249,77.2159377,2017-09-26,74.3555555556
34,Anand Vihar,28.6508,77.3152,2017-09-27,95.14925373129999
35,"Aya Nagar, Delhi - IMD",28.4706914,77.1099364,2017-09-27,94.4846969697
36,"Burari Crossing, Delhi - IMD",28.7256504,77.2011573,2017-09-27,80.5469565217
37,"CRRI Mathura Road, Delhi - IMD",28.5512005,77.2735737,2017-09-27,97.5731746032
38,Delhi Technological University,28.744,77.12,2017-09-27,85.7536231884
39,"IGI Airport Terminal-3, Delhi - IMD",28.5627763,77.1180053,2017-09-27,96.1841269841
40,IHBAS,28.6821,77.305,2017-09-27,93.2236842105
41,Income Tax Office,28.6235,77.2494,2017-09-27,123.41860465120001
42,"Lodhi Road, Delhi - IMD",28.5918245,77.2273074,2017-09-27,71.157755102
43,Mandir Marg,28.6341,77.2005,2017-09-27,87.0357142857
44,NSIT Dwarka,28.591,77.05,2017-09-27,106.4412698413
45,"North Campus, Delhi - IMD",28.6573814,77.1585447,2017-09-27,108.2830769231
46,Punjabi Bagh,28.6683,77.1167,2017-09-27,64.9166666667
47,"Pusa, Delhi - IMD",28.639645,77.146262,2017-09-27,62.1985483871
48,R K Puram,28.5648,77.1744,2017-09-27,115.36363636360001
49,Shadipur,28.6517,77.1581,2017-09-27,85.8327083333
50,Siri Fort,28.5504249,77.2159377,2017-09-27,83.05
51,Anand Vihar,28.6508,77.3152,2017-09-28,124.0357142857
52,"Aya Nagar, Delhi - IMD",28.4706914,77.1099364,2017-09-28,111.0975510204
53,"Burari Crossing, Delhi - IMD",28.7256504,77.2011573,2017-09-28,78.0258490566
54,"CRRI Mathura Road, Delhi - IMD",28.5512005,77.2735737,2017-09-28,91.056875
55,Delhi Technological University,28.744,77.12,2017-09-28,105.14492753620002
56,"IGI Airport Terminal-3, Delhi - IMD",28.5627763,77.1180053,2017-09-28,35.448064516100004
57,IHBAS,28.6821,77.305,2017-09-28,108.0772727273
58,Income Tax Office,28.6235,77.2494,2017-09-28,144.641509434
59,"Lodhi Road, Delhi - IMD",28.5918245,77.2273074,2017-09-28,69.0234
60,Mandir Marg,28.6341,77.2005,2017-09-28,75.5849056604
61,NSIT Dwarka,28.591,77.05,2017-09-28,129.43442622950002
62,"North Campus, Delhi - IMD",28.6573814,77.1585447,2017-09-28,117.8646938776
63,Punjabi Bagh,28.6683,77.1167,2017-09-28,78.6724137931
64,"Pusa, Delhi - IMD",28.639645,77.146262,2017-09-28,54.3672916667
65,R K Puram,28.5648,77.1744,2017-09-28,102.0454545455
66,Shadipur,28.6517,77.1581,2017-09-28,78.1059574468
67,Siri Fort,28.5504249,77.2159377,2017-09-28,122.0
68,Anand Vihar,28.6508,77.3152,2017-09-29,106.4166666667
69,"Aya Nagar, Delhi - IMD",28.4706914,77.1099364,2017-09-29,103.749375
70,"Burari Crossing, Delhi - IMD",28.7256504,77.2011573,2017-09-29,68.6414035088
71,"CRRI Mathura Road, Delhi - IMD",28.5512005,77.2735737,2017-09-29,123.8424561404
72,Delhi Technological University,28.744,77.12,2017-09-29,106.7126436782
73,"IGI Airport Terminal-3, Delhi - IMD",28.5627763,77.1180053,2017-09-29,73.6244927536
74,IHBAS,28.6821,77.305,2017-09-29,79.9074074074
75,Income Tax Office,28.6235,77.2494,2017-09-29,118.36363636360001
76,"Lodhi Road, Delhi - IMD",28.5918245,77.2273074,2017-09-29,73.97421875
77,Mandir Marg,28.6341,77.2005,2017-09-29,81.7361111111
78,NSIT Dwarka,28.591,77.05,2017-09-29,114.42875
79,"North Campus, Delhi - IMD",28.6573814,77.1585447,2017-09-29,106.89914285709999
80,Punjabi Bagh,28.6683,77.1167,2017-09-29,86.90625
81,"Pusa, Delhi - IMD",28.639645,77.146262,2017-09-29,48.716507936499994
82,R K Puram,28.5648,77.1744,2017-09-29,126.9746835443
83,Shadipur,28.6517,77.1581,2017-09-29,72.5372916667
84,Siri Fort,28.5504249,77.2159377,2017-09-29,89.59375
85,Anand Vihar,28.6508,77.3152,2017-09-30,98.3291139241
86,"Aya Nagar, Delhi - IMD",28.4706914,77.1099364,2017-09-30,103.83096774190001
87,"Burari Crossing, Delhi - IMD",28.7256504,77.2011573,2017-09-30,70.10640625
88,"CRRI Mathura Road, Delhi - IMD",28.5512005,77.2735737,2017-09-30,95.4813043478
89,Delhi Technological University,28.744,77.12,2017-09-30,78.0681818182
90,"IGI Airport Terminal-3, Delhi - IMD",28.5627763,77.1180053,2017-09-30,42.932794117600004
91,IHBAS,28.6821,77.305,2017-09-30,96.59454545450001
92,Income Tax Office,28.6235,77.2494,2017-09-30,125.25
93,"Lodhi Road, Delhi - IMD",28.5918245,77.2273074,2017-09-30,69.2422222222
94,Mandir Marg,28.6341,77.2005,2017-09-30,83.47945205479999
95,NSIT Dwarka,28.591,77.05,2017-09-30,115.8456790123
96,"North Campus, Delhi - IMD",28.6573814,77.1585447,2017-09-30,99.04289473680001
97,Punjabi Bagh,28.6683,77.1167,2017-09-30,76.6125
98,"Pusa, Delhi - IMD",28.639645,77.146262,2017-09-30,62.78109375
99,R K Puram,28.5648,77.1744,2017-09-30,128.1375
100,Shadipur,28.6517,77.1581,2017-09-30,78.4933333333
101,Siri Fort,28.5504249,77.2159377,2017-09-30,91.1458333333
102,Anand Vihar,28.6508,77.3152,2017-10-03,88.67692307690001
103,"Aya Nagar, Delhi - IMD",28.4706914,77.1099364,2017-10-03,100.3939726027
104,"Burari Crossing, Delhi - IMD",28.7256504,77.2011573,2017-10-03,70.9397468354
105,"CRRI Mathura Road, Delhi - IMD",28.5512005,77.2735737,2017-10-03,119.83375
106,Delhi Technological University,28.744,77.12,2017-10-03,106.5125
107,"IGI Airport Terminal-3, Delhi - IMD",28.5627763,77.1180053,2017-10-03,67.3105714286
108,IHBAS,28.6821,77.305,2017-10-03,86.619047619
109,Income Tax Office,28.6235,77.2494,2017-10-03,295.1714285714
110,"Lodhi Road, Delhi - IMD",28.5918245,77.2273074,2017-10-03,65.61857142859999
111,Mandir Marg,28.6341,77.2005,2017-10-03,82.2916666667
112,NSIT Dwarka,28.591,77.05,2017-10-03,121.4208333333
113,"North Campus, Delhi - IMD",28.6573814,77.1585447,2017-10-03,106.34136363639999
114,Punjabi Bagh,28.6683,77.1167,2017-10-03,87.47058823530001
115,"Pusa, Delhi - IMD",28.639645,77.146262,2017-10-03,52.338076923100004
116,R K Puram,28.5648,77.1744,2017-10-03,117.7866666667
117,Shadipur,28.6517,77.1581,2017-10-03,71.12
118,Siri Fort,28.5504249,77.2159377,2017-10-03,80.5
119,Anand Vihar,28.6508,77.3152,2017-10-04,80.0
120,"Aya Nagar, Delhi - IMD",28.4706914,77.1099364,2017-10-04,98.4334117647
121,"Burari Crossing, Delhi - IMD",28.7256504,77.2011573,2017-10-04,74.5156410256
122,"CRRI Mathura Road, Delhi - IMD",28.5512005,77.2735737,2017-10-04,100.8472727273
123,Delhi Technological University,28.744,77.12,2017-10-04,90.88636363639999
124,"IGI Airport Terminal-3, Delhi - IMD",28.5627763,77.1180053,2017-10-04,65.1009589041
125,IHBAS,28.6821,77.305,2017-10-04,144.6611111111
126,Income Tax Office,28.6235,77.2494,2017-10-04,117.6329113924
127,"Lodhi Road, Delhi - IMD",28.5918245,77.2273074,2017-10-04,61.446125
128,Mandir Marg,28.6341,77.2005,2017-10-04,79.52
129,NSIT Dwarka,28.591,77.05,2017-10-04,94.0382716049
130,"North Campus, Delhi - IMD",28.6573814,77.1585447,2017-10-04,114.10774193549999
131,Punjabi Bagh,28.6683,77.1167,2017-10-04,84.9166666667
132,"Pusa, Delhi - IMD",28.639645,77.146262,2017-10-04,51.829382716000005
133,R K Puram,28.5648,77.1744,2017-10-04,124.9230769231
134,Shadipur,28.6517,77.1581,2017-10-04,109.4713043478
135,Siri Fort,28.5504249,77.2159377,2017-10-04,80.6279069767
136,Anand Vihar,28.6508,77.3152,2017-10-08,192.670886076
137,"Aya Nagar, Delhi - IMD",28.4706914,77.1099364,2017-10-08,151.30126582280002
138,"Burari Crossing, Delhi - IMD",28.7256504,77.2011573,2017-10-08,101.7876190476
139,"CRRI Mathura Road, Delhi - IMD",28.5512005,77.2735737,2017-10-08,157.7195121951
140,Delhi Technological University,28.744,77.12,2017-10-08,142.6470588235
141,"IGI Airport Terminal-3, Delhi - IMD",28.5627763,77.1180053,2017-10-08,61.7192592593
142,IHBAS,28.6821,77.305,2017-10-08,89.4232142857
143,Income Tax Office,28.6235,77.2494,2017-10-08,143.75308641979998
144,"Lodhi Road, Delhi - IMD",28.5918245,77.2273074,2017-10-08,104.57283950620001
145,Mandir Marg,28.6341,77.2005,2017-10-08,125.2083333333
146,NSIT Dwarka,28.591,77.05,2017-10-08,144.36144578309998
147,"North Campus, Delhi - IMD",28.6573814,77.1585447,2017-10-08,161.7382608696
148,Punjabi Bagh,28.6683,77.1167,2017-10-08,137.5194805195
149,"Pusa, Delhi - IMD",28.639645,77.146262,2017-10-08,75.26352941180001
150,R K Puram,28.5648,77.1744,2017-10-08,164.037037037
151,Shadipur,28.6517,77.1581,2017-10-08,185.18127659569998
152,Siri Fort,28.5504249,77.2159377,2017-10-08,133.5869565217
153,Anand Vihar,28.6508,77.3152,2017-10-09,158.93103448280002
154,"Aya Nagar, Delhi - IMD",28.4706914,77.1099364,2017-10-09,131.1653521127
155,"Burari Crossing, Delhi - IMD",28.7256504,77.2011573,2017-10-09,99.2547058824
156,"CRRI Mathura Road, Delhi - IMD",28.5512005,77.2735737,2017-10-09,149.2330985916
157,Delhi Technological University,28.744,77.12,2017-10-09,154.0340909091
158,"IGI Airport Terminal-3, Delhi - IMD",28.5627763,77.1180053,2017-10-09,124.0492307692
159,IHBAS,28.6821,77.305,2017-10-09,78.0754716981
160,Income Tax Office,28.6235,77.2494,2017-10-09,97.6607142857
161,"Lodhi Road, Delhi - IMD",28.5918245,77.2273074,2017-10-09,97.3582352941
162,Mandir Marg,28.6341,77.2005,2017-10-09,113.31578947370001
163,NSIT Dwarka,28.591,77.05,2017-10-09,141.1765625
164,"North Campus, Delhi - IMD",28.6573814,77.1585447,2017-10-09,142.98939759040002
165,Punjabi Bagh,28.6683,77.1167,2017-10-09,128.625
166,"Pusa, Delhi - IMD",28.639645,77.146262,2017-10-09,66.032962963
167,R K Puram,28.5648,77.1744,2017-10-09,168.0508474576
168,Shadipur,28.6517,77.1581,2017-10-09,167.6308333333
169,Siri Fort,28.5504249,77.2159377,2017-10-09,117.5
170,Anand Vihar,28.6508,77.3152,2017-10-11,174.4117647059
171,"Aya Nagar, Delhi - IMD",28.4706914,77.1099364,2017-10-11,120.65416666670001
172,"Burari Crossing, Delhi - IMD",28.7256504,77.2011573,2017-10-11,50.9502469136
173,"CRRI Mathura Road, Delhi - IMD",28.5512005,77.2735737,2017-10-11,134.1109259259
174,Delhi Technological University,28.744,77.12,2017-10-11,160.5294117647
175,"IGI Airport Terminal-3, Delhi - IMD",28.5627763,77.1180053,2017-10-11,90.45193548389999
176,IHBAS,28.6821,77.305,2017-10-11,110.03859649120001
177,Income Tax Office,28.6235,77.2494,2017-10-11,118.1609195402
178,"Lodhi Road, Delhi - IMD",28.5918245,77.2273074,2017-10-11,104.36674698799999
179,Mandir Marg,28.6341,77.2005,2017-10-11,127.527027027
180,NSIT Dwarka,28.591,77.05,2017-10-11,145.2345679012
181,"North Campus, Delhi - IMD",28.6573814,77.1585447,2017-10-11,182.79506172840001
182,Punjabi Bagh,28.6683,77.1167,2017-10-11,142.34375
183,"Pusa, Delhi - IMD",28.639645,77.146262,2017-10-11,79.4423170732
184,R K Puram,28.5648,77.1744,2017-10-11,147.6956521739
185,Shadipur,28.6517,77.1581,2017-10-11,150.0297826087
186,Siri Fort,28.5504249,77.2159377,2017-10-11,115.3958333333
187,Anand Vihar,28.6508,77.3152,2017-10-19,300.8524590164
188,"Aya Nagar, Delhi - IMD",28.4706914,77.1099364,2017-10-19,310.119375
189,"Burari Crossing, Delhi - IMD",28.7256504,77.2011573,2017-10-19,226.14875
190,"CRRI Mathura Road, Delhi - IMD",28.5512005,77.2735737,2017-10-19,163.829
191,Delhi Technological University,28.744,77.12,2017-10-19,330.94666666669997
192,"IGI Airport Terminal-3, Delhi - IMD",28.5627763,77.1180053,2017-10-19,277.3295454545
193,IHBAS,28.6821,77.305,2017-10-19,188.66296296299998
194,Income Tax Office,28.6235,77.2494,2017-10-19,185.71929824560002
195,"Lodhi Road, Delhi - IMD",28.5918245,77.2273074,2017-10-19,353.7955555556
196,Mandir Marg,28.6341,77.2005,2017-10-19,243.6744186047
197,NSIT Dwarka,28.591,77.05,2017-10-19,316.8953846154
198,"North Campus, Delhi - IMD",28.6573814,77.1585447,2017-10-19,219.56764705880002
199,Punjabi Bagh,28.6683,77.1167,2017-10-19,167.1666666667
200,"Pusa, Delhi - IMD",28.639645,77.146262,2017-10-19,195.2573333333
201,R K Puram,28.5648,77.1744,2017-10-19,328.8076923077
202,Shadipur,28.6517,77.1581,2017-10-19,355.0902380952
203,Siri Fort,28.5504249,77.2159377,2017-10-19,347.0
204,Anand Vihar,28.6508,77.3152,2017-10-20,387.8846153846
205,"Aya Nagar, Delhi - IMD",28.4706914,77.1099364,2017-10-20,631.5066666667
206,"Burari Crossing, Delhi - IMD",28.7256504,77.2011573,2017-10-20,212.7725
207,"CRRI Mathura Road, Delhi - IMD",28.5512005,77.2735737,2017-10-20,184.83
208,Delhi Technological University,28.744,77.12,2017-10-20,294.6470588235
209,"IGI Airport Terminal-3, Delhi - IMD",28.5627763,77.1180053,2017-10-20,87.825
210,IHBAS,28.6821,77.305,2017-10-20,142.6042253521
211,Income Tax Office,28.6235,77.2494,2017-10-20,239.5714285714
212,"Lodhi Road, Delhi - IMD",28.5918245,77.2273074,2017-10-20,686.9966666667
213,Mandir Marg,28.6341,77.2005,2017-10-20,278.5897435897
214,NSIT Dwarka,28.591,77.05,2017-10-20,365.0
215,"North Campus, Delhi - IMD",28.6573814,77.1585447,2017-10-20,264.115
216,Punjabi Bagh,28.6683,77.1167,2017-10-20,92.0666666667
217,"Pusa, Delhi - IMD",28.639645,77.146262,2017-10-20,129.94
218,R K Puram,28.5648,77.1744,2017-10-20,432.8484848485
219,Shadipur,28.6517,77.1581,2017-10-20,370.16385542169996
220,Siri Fort,28.5504249,77.2159377,2017-10-20,234.48148148150003
221,Anand Vihar,28.6508,77.3152,2017-10-21,305.3673469388
222,"Aya Nagar, Delhi - IMD",28.4706914,77.1099364,2017-10-21,144.8066666667
223,"Burari Crossing, Delhi - IMD",28.7256504,77.2011573,2017-10-21,125.62461538459999
224,"CRRI Mathura Road, Delhi - IMD",28.5512005,77.2735737,2017-10-21,178.09666666669997
225,Delhi Technological University,28.744,77.12,2017-10-21,242.3950617284
226,"IGI Airport Terminal-3, Delhi - IMD",28.5627763,77.1180053,2017-10-21,172.972
227,IHBAS,28.6821,77.305,2017-10-21,130.15217391299998
228,Income Tax Office,28.6235,77.2494,2017-10-21,254.89743589740002
229,"Lodhi Road, Delhi - IMD",28.5918245,77.2273074,2017-10-21,155.291
230,Mandir Marg,28.6341,77.2005,2017-10-21,235.1071428571
231,NSIT Dwarka,28.591,77.05,2017-10-21,205.9175
232,"North Campus, Delhi - IMD",28.6573814,77.1585447,2017-10-21,171.855
233,Punjabi Bagh,28.6683,77.1167,2017-10-21,237.0
234,"Pusa, Delhi - IMD",28.639645,77.146262,2017-10-21,128.6057142857
235,R K Puram,28.5648,77.1744,2017-10-21,252.4590163934
236,Shadipur,28.6517,77.1581,2017-10-21,204.0144578313
237,Siri Fort,28.5504249,77.2159377,2017-10-21,216.4888888889
238,Anand Vihar,28.6508,77.3152,2017-10-22,207.31666666669997
239,"Aya Nagar, Delhi - IMD",28.4706914,77.1099364,2017-10-22,156.1342105263
240,"Burari Crossing, Delhi - IMD",28.7256504,77.2011573,2017-10-22,97.8723333333
241,"CRRI Mathura Road, Delhi - IMD",28.5512005,77.2735737,2017-10-22,151.6938888889
242,Delhi Technological University,28.744,77.12,2017-10-22,171.1162790698
243,"IGI Airport Terminal-3, Delhi - IMD",28.5627763,77.1180053,2017-10-22,36.0727272727
244,IHBAS,28.6821,77.305,2017-10-22,96.9357142857
245,Income Tax Office,28.6235,77.2494,2017-10-22,193.3888888889
246,"Lodhi Road, Delhi - IMD",28.5918245,77.2273074,2017-10-22,143.665
247,Mandir Marg,28.6341,77.2005,2017-10-22,169.3333333333
248,NSIT Dwarka,28.591,77.05,2017-10-22,170.3518072289
249,"North Campus, Delhi - IMD",28.6573814,77.1585447,2017-10-22,172.71200000000002
250,Punjabi Bagh,28.6683,77.1167,2017-10-22,228.0
251,"Pusa, Delhi - IMD",28.639645,77.146262,2017-10-22,108.4913333333
252,R K Puram,28.5648,77.1744,2017-10-22,186.96385542169998
253,Shadipur,28.6517,77.1581,2017-10-22,172.65833333330002
254,Siri Fort,28.5504249,77.2159377,2017-10-22,148.1363636364
255,Anand Vihar,28.6508,77.3152,2017-10-23,227.8909090909
256,"Aya Nagar, Delhi - IMD",28.4706914,77.1099364,2017-10-23,154.225
257,"Burari Crossing, Delhi - IMD",28.7256504,77.2011573,2017-10-23,119.30724137930001
258,"CRRI Mathura Road, Delhi - IMD",28.5512005,77.2735737,2017-10-23,152.761
259,Delhi Technological University,28.744,77.12,2017-10-23,236.4523809524
260,"IGI Airport Terminal-3, Delhi - IMD",28.5627763,77.1180053,2017-10-23,58.7153125
261,IHBAS,28.6821,77.305,2017-10-23,108.8859375
262,Income Tax Office,28.6235,77.2494,2017-10-23,174.8125
263,"Lodhi Road, Delhi - IMD",28.5918245,77.2273074,2017-10-23,110.9817647059
264,Mandir Marg,28.6341,77.2005,2017-10-23,107.84
265,NSIT Dwarka,28.591,77.05,2017-10-23,237.09382716049998
266,"North Campus, Delhi - IMD",28.6573814,77.1585447,2017-10-23,162.6584615385
267,Punjabi Bagh,28.6683,77.1167,2017-10-23,178.3043478261
268,"Pusa, Delhi - IMD",28.639645,77.146262,2017-10-23,112.0516666667
269,R K Puram,28.5648,77.1744,2017-10-23,182.6617647059
270,Shadipur,28.6517,77.1581,2017-10-23,205.2541176471
271,Siri Fort,28.5504249,77.2159377,2017-10-23,135.3863636364
272,Anand Vihar,28.6508,77.3152,2017-10-25,265.7450980392
273,"Aya Nagar, Delhi - IMD",28.4706914,77.1099364,2017-10-25,191.9344444444
274,"Burari Crossing, Delhi - IMD",28.7256504,77.2011573,2017-10-25,142.3776190476
275,"CRRI Mathura Road, Delhi - IMD",28.5512005,77.2735737,2017-10-25,194.7418181818
276,Delhi Technological University,28.744,77.12,2017-10-25,254.98765432099998
277,"IGI Airport Terminal-3, Delhi - IMD",28.5627763,77.1180053,2017-10-25,59.828
278,IHBAS,28.6821,77.305,2017-10-25,126.32142857139999
279,Income Tax Office,28.6235,77.2494,2017-10-25,203.0943396226
280,"Lodhi Road, Delhi - IMD",28.5918245,77.2273074,2017-10-25,197.38777777779998
281,Mandir Marg,28.6341,77.2005,2017-10-25,179.46153846150003
282,NSIT Dwarka,28.591,77.05,2017-10-25,110.0428571429
283,"North Campus, Delhi - IMD",28.6573814,77.1585447,2017-10-25,187.482
284,Punjabi Bagh,28.6683,77.1167,2017-10-25,212.3148148148
285,"Pusa, Delhi - IMD",28.639645,77.146262,2017-10-25,132.5966666667
286,R K Puram,28.5648,77.1744,2017-10-25,234.19696969700001
287,Shadipur,28.6517,77.1581,2017-10-25,199.8905882353
288,Siri Fort,28.5504249,77.2159377,2017-10-25,185.1860465116
289,Anand Vihar,28.6508,77.3152,2017-10-26,217.86538461540002
290,"Aya Nagar, Delhi - IMD",28.4706914,77.1099364,2017-10-26,178.06666666669997
291,"Burari Crossing, Delhi - IMD",28.7256504,77.2011573,2017-10-26,162.7214285714
292,"CRRI Mathura Road, Delhi - IMD",28.5512005,77.2735737,2017-10-26,133.1
293,Delhi Technological University,28.744,77.12,2017-10-26,238.16470588240003
294,"IGI Airport Terminal-3, Delhi - IMD",28.5627763,77.1180053,2017-10-26,163.0778571429
295,IHBAS,28.6821,77.305,2017-10-26,139.1083333333
296,Income Tax Office,28.6235,77.2494,2017-10-26,138.7777777778
297,"Lodhi Road, Delhi - IMD",28.5918245,77.2273074,2017-10-26,152.6642857143
298,Mandir Marg,28.6341,77.2005,2017-10-26,163.83720930229998
299,NSIT Dwarka,28.591,77.05,2017-10-26,126.28333333329999
300,"North Campus, Delhi - IMD",28.6573814,77.1585447,2017-10-26,200.43666666669998
301,Punjabi Bagh,28.6683,77.1167,2017-10-26,190.7419354839
302,"Pusa, Delhi - IMD",28.639645,77.146262,2017-10-26,104.4785714286
303,R K Puram,28.5648,77.1744,2017-10-26,197.1212121212
304,Shadipur,28.6517,77.1581,2017-10-26,174.095
305,Siri Fort,28.5504249,77.2159377,2017-10-26,158.40476190479998
306,Anand Vihar,28.6508,77.3152,2017-11-01,193.5882352941
307,"Aya Nagar, Delhi - IMD",28.4706914,77.1099364,2017-11-01,152.85
308,"Burari Crossing, Delhi - IMD",28.7256504,77.2011573,2017-11-01,132.6066666667
309,"CRRI Mathura Road, Delhi - IMD",28.5512005,77.2735737,2017-11-01,118.975
310,Delhi Technological University,28.744,77.12,2017-11-01,236.48
311,"IGI Airport Terminal-3, Delhi - IMD",28.5627763,77.1180053,2017-11-01,113.83
312,IHBAS,28.6821,77.305,2017-11-01,74.2927272727
313,Income Tax Office,28.6235,77.2494,2017-11-01,197.81333333330002
314,"Lodhi Road, Delhi - IMD",28.5918245,77.2273074,2017-11-01,181.322
315,Mandir Marg,28.6341,77.2005,2017-11-01,180.2666666667
316,NSIT Dwarka,28.591,77.05,2017-11-01,139.1026666667
317,"North Campus, Delhi - IMD",28.6573814,77.1585447,2017-11-01,109.815
318,Punjabi Bagh,28.6683,77.1167,2017-11-01,181.39393939389998
319,"Pusa, Delhi - IMD",28.639645,77.146262,2017-11-01,111.64333333329999
320,R K Puram,28.5648,77.1744,2017-11-01,178.34782608700002
321,Shadipur,28.6517,77.1581,2017-11-01,420.81199999999995
322,Siri Fort,28.5504249,77.2159377,2017-11-01,175.16279069770002
323,Anand Vihar,28.6508,77.3152,2017-11-08,351.7169811321
324,"Aya Nagar, Delhi - IMD",28.4706914,77.1099364,2017-11-08,651.0275
325,"Burari Crossing, Delhi - IMD",28.7256504,77.2011573,2017-11-08,308.38
326,"CRRI Mathura Road, Delhi - IMD",28.5512005,77.2735737,2017-11-08,558.052
327,Delhi Technological University,28.744,77.12,2017-11-08,559.2
328,"IGI Airport Terminal-3, Delhi - IMD",28.5627763,77.1180053,2017-11-08,525.9114285713999
329,IHBAS,28.6821,77.305,2017-11-08,408.0616666667
330,Income Tax Office,28.6235,77.2494,2017-11-08,674.7068965517
331,"Lodhi Road, Delhi - IMD",28.5918245,77.2273074,2017-11-08,558.7057142857
332,Mandir Marg,28.6341,77.2005,2017-11-08,677.7894736842
333,NSIT Dwarka,28.591,77.05,2017-11-08,493.9743243243
334,"North Campus, Delhi - IMD",28.6573814,77.1585447,2017-11-08,490.43
335,Punjabi Bagh,28.6683,77.1167,2017-11-08,479.4482758621
336,"Pusa, Delhi - IMD",28.639645,77.146262,2017-11-08,535.9378571429
337,R K Puram,28.5648,77.1744,2017-11-08,711.0
338,Shadipur,28.6517,77.1581,2017-11-08,499.1021276596
339,Siri Fort,28.5504249,77.2159377,2017-11-08,755.3571428571
340,Anand Vihar,28.6508,77.3152,2017-11-09,596.21875
341,"Aya Nagar, Delhi - IMD",28.4706914,77.1099364,2017-11-09,247.51
342,"Burari Crossing, Delhi - IMD",28.7256504,77.2011573,2017-11-09,296.89
343,"CRRI Mathura Road, Delhi - IMD",28.5512005,77.2735737,2017-11-09,242.41
344,Delhi Technological University,28.744,77.12,2017-11-09,673.7692307692
345,"IGI Airport Terminal-3, Delhi - IMD",28.5627763,77.1180053,2017-11-09,466.7166666667
346,IHBAS,28.6821,77.305,2017-11-09,341.2733333333
347,Income Tax Office,28.6235,77.2494,2017-11-09,566.8641975309
348,"Lodhi Road, Delhi - IMD",28.5918245,77.2273074,2017-11-09,310.83
349,Mandir Marg,28.6341,77.2005,2017-11-09,624.8431372549
350,NSIT Dwarka,28.591,77.05,2017-11-09,443.61052631580003
351,"North Campus, Delhi - IMD",28.6573814,77.1585447,2017-11-09,375.995
352,Punjabi Bagh,28.6683,77.1167,2017-11-09,621.0
353,"Pusa, Delhi - IMD",28.639645,77.146262,2017-11-09,368.43083333330003
354,R K Puram,28.5648,77.1744,2017-11-09,472.63043478260005
355,Shadipur,28.6517,77.1581,2017-11-09,457.86938775510004
356,Siri Fort,28.5504249,77.2159377,2017-11-09,445.54545454550004
357,Anand Vihar,28.6508,77.3152,2017-11-10,403.2580645161
358,"Aya Nagar, Delhi - IMD",28.4706914,77.1099364,2017-11-10,257.5083333333
359,"Burari Crossing, Delhi - IMD",28.7256504,77.2011573,2017-11-10,214.3985714286
360,"CRRI Mathura Road, Delhi - IMD",28.5512005,77.2735737,2017-11-10,272.556
361,Delhi Technological University,28.744,77.12,2017-11-10,414.4578313253
362,"IGI Airport Terminal-3, Delhi - IMD",28.5627763,77.1180053,2017-11-10,303.4728571429
363,IHBAS,28.6821,77.305,2017-11-10,326.4054054054
364,Income Tax Office,28.6235,77.2494,2017-11-10,312.0470588235
365,"Lodhi Road, Delhi - IMD",28.5918245,77.2273074,2017-11-10,260.35333333330004
366,Mandir Marg,28.6341,77.2005,2017-11-10,409.0769230769
367,NSIT Dwarka,28.591,77.05,2017-11-10,338.70843373490004
368,"North Campus, Delhi - IMD",28.6573814,77.1585447,2017-11-10,268.9175
369,Punjabi Bagh,28.6683,77.1167,2017-11-10,390.4
370,"Pusa, Delhi - IMD",28.639645,77.146262,2017-11-10,229.56599999999997
371,R K Puram,28.5648,77.1744,2017-11-10,330.9565217391
372,Shadipur,28.6517,77.1581,2017-11-10,352.9216216216
373,Siri Fort,28.5504249,77.2159377,2017-11-10,329.075
374,Anand Vihar,28.6508,77.3152,2017-11-11,512.9861111111001
375,"Aya Nagar, Delhi - IMD",28.4706914,77.1099364,2017-11-11,352.83166666669996
376,"Burari Crossing, Delhi - IMD",28.7256504,77.2011573,2017-11-11,319.7757142857
377,"CRRI Mathura Road, Delhi - IMD",28.5512005,77.2735737,2017-11-11,403.9971428571
378,Delhi Technological University,28.744,77.12,2017-11-11,645.7976190476
379,"IGI Airport Terminal-3, Delhi - IMD",28.5627763,77.1180053,2017-11-11,357.5175
380,IHBAS,28.6821,77.305,2017-11-11,313.8691358025
381,Income Tax Office,28.6235,77.2494,2017-11-11,383.1111111111
382,"Lodhi Road, Delhi - IMD",28.5918245,77.2273074,2017-11-11,393.3111111111
383,Mandir Marg,28.6341,77.2005,2017-11-11,441.1470588235
384,NSIT Dwarka,28.591,77.05,2017-11-11,318.080952381
385,"North Campus, Delhi - IMD",28.6573814,77.1585447,2017-11-11,370.2314285714
386,Punjabi Bagh,28.6683,77.1167,2017-11-11,547.9696969697001
387,"Pusa, Delhi - IMD",28.639645,77.146262,2017-11-11,289.495
388,R K Puram,28.5648,77.1744,2017-11-11,417.5217391304
389,Shadipur,28.6517,77.1581,2017-11-11,403.19058823529997
390,Siri Fort,28.5504249,77.2159377,2017-11-11,404.84444444440004
391,Anand Vihar,28.6508,77.3152,2017-11-12,529.0714285714
392,"Aya Nagar, Delhi - IMD",28.4706914,77.1099364,2017-11-12,392.7025
393,"Burari Crossing, Delhi - IMD",28.7256504,77.2011573,2017-11-12,343.92
394,"CRRI Mathura Road, Delhi - IMD",28.5512005,77.2735737,2017-11-12,437.10333333330004
395,Delhi Technological University,28.744,77.12,2017-11-12,629.375
396,"IGI Airport Terminal-3, Delhi - IMD",28.5627763,77.1180053,2017-11-12,334.8527272727
397,IHBAS,28.6821,77.305,2017-11-12,270.82125
398,Income Tax Office,28.6235,77.2494,2017-11-12,436.8636363636
399,"Lodhi Road, Delhi - IMD",28.5918245,77.2273074,2017-11-12,399.908
400,Mandir Marg,28.6341,77.2005,2017-11-12,478.175
401,NSIT Dwarka,28.591,77.05,2017-11-12,414.8
402,"North Campus, Delhi - IMD",28.6573814,77.1585447,2017-11-12,366.606
403,Punjabi Bagh,28.6683,77.1167,2017-11-12,575.1571428571
404,"Pusa, Delhi - IMD",28.639645,77.146262,2017-11-12,349.0804166667
405,R K Puram,28.5648,77.1744,2017-11-12,445.323943662
406,Shadipur,28.6517,77.1581,2017-11-12,464.2593406593
407,Siri Fort,28.5504249,77.2159377,2017-11-12,462.5
408,Anand Vihar,28.6508,77.3152,2017-11-15,189.4705882353
409,"Aya Nagar, Delhi - IMD",28.4706914,77.1099364,2017-11-15,145.0688888889
410,"Burari Crossing, Delhi - IMD",28.7256504,77.2011573,2017-11-15,147.0538888889
411,"CRRI Mathura Road, Delhi - IMD",28.5512005,77.2735737,2017-11-15,172.60857142860002
412,Delhi Technological University,28.744,77.12,2017-11-15,278.4512195122
413,"IGI Airport Terminal-3, Delhi - IMD",28.5627763,77.1180053,2017-11-15,128.3277777778
414,IHBAS,28.6821,77.305,2017-11-15,129.0779661017
415,Income Tax Office,28.6235,77.2494,2017-11-15,171.3026315789
416,"Lodhi Road, Delhi - IMD",28.5918245,77.2273074,2017-11-15,197.75900000000001
417,Mandir Marg,28.6341,77.2005,2017-11-15,177.61538461540002
418,NSIT Dwarka,28.591,77.05,2017-11-15,202.285915493
419,"North Campus, Delhi - IMD",28.6573814,77.1585447,2017-11-15,196.2378947368
420,Punjabi Bagh,28.6683,77.1167,2017-11-15,175.1875
421,"Pusa, Delhi - IMD",28.639645,77.146262,2017-11-15,144.1648
422,R K Puram,28.5648,77.1744,2017-11-15,180.125
423,Shadipur,28.6517,77.1581,2017-11-15,183.0828947368
424,Siri Fort,28.5504249,77.2159377,2017-11-15,197.5957446809
425,Anand Vihar,28.6508,77.3152,2017-11-16,286.75
426,"Aya Nagar, Delhi - IMD",28.4706914,77.1099364,2017-11-16,181.0775
427,"Burari Crossing, Delhi - IMD",28.7256504,77.2011573,2017-11-16,115.9618181818
428,"CRRI Mathura Road, Delhi - IMD",28.5512005,77.2735737,2017-11-16,178.06944444439998
429,Delhi Technological University,28.744,77.12,2017-11-16,225.5416666667
430,"IGI Airport Terminal-3, Delhi - IMD",28.5627763,77.1180053,2017-11-16,164.6791666667
431,IHBAS,28.6821,77.305,2017-11-16,172.47543859650003
432,Income Tax Office,28.6235,77.2494,2017-11-16,144.4933333333
433,"Lodhi Road, Delhi - IMD",28.5918245,77.2273074,2017-11-16,186.41583333330001
434,Mandir Marg,28.6341,77.2005,2017-11-16,170.75
435,NSIT Dwarka,28.591,77.05,2017-11-16,207.70882352939998
436,"North Campus, Delhi - IMD",28.6573814,77.1585447,2017-11-16,154.2954166667
437,Punjabi Bagh,28.6683,77.1167,2017-11-16,177.09523809520002
438,"Pusa, Delhi - IMD",28.639645,77.146262,2017-11-16,135.2229166667
439,R K Puram,28.5648,77.1744,2017-11-16,209.619047619
440,Shadipur,28.6517,77.1581,2017-11-16,162.5
441,Siri Fort,28.5504249,77.2159377,2017-11-16,198.93333333330003
442,Anand Vihar,28.6508,77.3152,2017-11-17,157.5
443,"Aya Nagar, Delhi - IMD",28.4706914,77.1099364,2017-11-17,138.6313043478
444,"Burari Crossing, Delhi - IMD",28.7256504,77.2011573,2017-11-17,99.792
445,"CRRI Mathura Road, Delhi - IMD",28.5512005,77.2735737,2017-11-17,144.7654166667
446,Delhi Technological University,28.744,77.12,2017-11-17,200.9846153846
447,"IGI Airport Terminal-3, Delhi - IMD",28.5627763,77.1180053,2017-11-17,149.1454166667
448,IHBAS,28.6821,77.305,2017-11-17,131.84230769229998
449,Income Tax Office,28.6235,77.2494,2017-11-17,121.5555555556
450,"Lodhi Road, Delhi - IMD",28.5918245,77.2273074,2017-11-17,164.6479166667
451,Mandir Marg,28.6341,77.2005,2017-11-17,119.7142857143
452,NSIT Dwarka,28.591,77.05,2017-11-17,164.6111111111
453,"North Campus, Delhi - IMD",28.6573814,77.1585447,2017-11-17,146.5134782609
454,Punjabi Bagh,28.6683,77.1167,2017-11-17,162.3125
455,"Pusa, Delhi - IMD",28.639645,77.146262,2017-11-17,104.2808333333
456,R K Puram,28.5648,77.1744,2017-11-17,153.3636363636
457,Shadipur,28.6517,77.1581,2017-11-17,135.7268656716
458,Siri Fort,28.5504249,77.2159377,2017-11-17,169.9024390244
459,Anand Vihar,28.6508,77.3152,2017-11-20,169.6
460,"Aya Nagar, Delhi - IMD",28.4706914,77.1099364,2017-11-20,179.1990909091
461,"Burari Crossing, Delhi - IMD",28.7256504,77.2011573,2017-11-20,86.5
462,"CRRI Mathura Road, Delhi - IMD",28.5512005,77.2735737,2017-11-20,169.55904761899998
463,Delhi Technological University,28.744,77.12,2017-11-20,269.08196721310003
464,"IGI Airport Terminal-3, Delhi - IMD",28.5627763,77.1180053,2017-11-20,165.8344444444
465,IHBAS,28.6821,77.305,2017-11-20,146.08863636360002
466,Income Tax Office,28.6235,77.2494,2017-11-20,164.6774193548
467,"Lodhi Road, Delhi - IMD",28.5918245,77.2273074,2017-11-20,173.8522727273
468,Mandir Marg,28.6341,77.2005,2017-11-20,127.0
469,NSIT Dwarka,28.591,77.05,2017-11-20,178.9453125
470,"North Campus, Delhi - IMD",28.6573814,77.1585447,2017-11-20,166.2519047619
471,Punjabi Bagh,28.6683,77.1167,2017-11-20,165.1111111111
472,"Pusa, Delhi - IMD",28.639645,77.146262,2017-11-20,118.0759090909
473,R K Puram,28.5648,77.1744,2017-11-20,167.3636363636
474,Shadipur,28.6517,77.1581,2017-11-20,151.87428571430002
475,Siri Fort,28.5504249,77.2159377,2017-11-20,191.2142857143
476,Anand Vihar,28.6508,77.3152,2017-11-21,332.8235294118
477,"Aya Nagar, Delhi - IMD",28.4706914,77.1099364,2017-11-21,139.805
478,"Burari Crossing, Delhi - IMD",28.7256504,77.2011573,2017-11-21,155.033125
479,"CRRI Mathura Road, Delhi - IMD",28.5512005,77.2735737,2017-11-21,176.44291666669997
480,Delhi Technological University,28.744,77.12,2017-11-21,305.9242424242
481,"IGI Airport Terminal-3, Delhi - IMD",28.5627763,77.1180053,2017-11-21,143.4091666667
482,IHBAS,28.6821,77.305,2017-11-21,117.54799999999999
483,Income Tax Office,28.6235,77.2494,2017-11-21,185.80882352939997
484,"Lodhi Road, Delhi - IMD",28.5918245,77.2273074,2017-11-21,178.15833333330002
485,Mandir Marg,28.6341,77.2005,2017-11-21,258.2
486,NSIT Dwarka,28.591,77.05,2017-11-21,187.5047619048
487,"North Campus, Delhi - IMD",28.6573814,77.1585447,2017-11-21,171.4175
488,Punjabi Bagh,28.6683,77.1167,2017-11-21,293.4285714286
489,"Pusa, Delhi - IMD",28.639645,77.146262,2017-11-21,130.1020833333
490,R K Puram,28.5648,77.1744,2017-11-21,237.0
491,Shadipur,28.6517,77.1581,2017-11-21,174.9855072464
492,Siri Fort,28.5504249,77.2159377,2017-11-21,172.06976744189998
493,Anand Vihar,28.6508,77.3152,2017-11-22,229.2307692308
494,"Aya Nagar, Delhi - IMD",28.4706914,77.1099364,2017-11-22,136.35875
495,"Burari Crossing, Delhi - IMD",28.7256504,77.2011573,2017-11-22,122.4036363636
496,"CRRI Mathura Road, Delhi - IMD",28.5512005,77.2735737,2017-11-22,167.1904166667
497,Delhi Technological University,28.744,77.12,2017-11-22,250.7692307692
498,"IGI Airport Terminal-3, Delhi - IMD",28.5627763,77.1180053,2017-11-22,130.7060869565
499,IHBAS,28.6821,77.305,2017-11-22,129.0739130435
500,Income Tax Office,28.6235,77.2494,2017-11-22,157.05454545450002
501,"Lodhi Road, Delhi - IMD",28.5918245,77.2273074,2017-11-22,155.6508333333
502,Mandir Marg,28.6341,77.2005,2017-11-22,157.6
503,NSIT Dwarka,28.591,77.05,2017-11-22,189.2528301887
504,"North Campus, Delhi - IMD",28.6573814,77.1585447,2017-11-22,159.4445833333
505,Punjabi Bagh,28.6683,77.1167,2017-11-22,213.2
506,"Pusa, Delhi - IMD",28.639645,77.146262,2017-11-22,121.5033333333
507,R K Puram,28.5648,77.1744,2017-11-22,176.0434782609
508,Shadipur,28.6517,77.1581,2017-11-22,176.5465517241
509,Siri Fort,28.5504249,77.2159377,2017-11-22,164.16279069770002
510,Anand Vihar,28.6508,77.3152,2017-11-23,207.8
511,"Aya Nagar, Delhi - IMD",28.4706914,77.1099364,2017-11-23,125.18913043479999
512,"Burari Crossing, Delhi - IMD",28.7256504,77.2011573,2017-11-23,125.2254166667
513,"CRRI Mathura Road, Delhi - IMD",28.5512005,77.2735737,2017-11-23,171.0941666667
514,Delhi Technological University,28.744,77.12,2017-11-23,286.01923076919996
515,"IGI Airport Terminal-3, Delhi - IMD",28.5627763,77.1180053,2017-11-23,133.51875
516,IHBAS,28.6821,77.305,2017-11-23,148.4339622642
517,Income Tax Office,28.6235,77.2494,2017-11-23,145.84210526319998
518,"Lodhi Road, Delhi - IMD",28.5918245,77.2273074,2017-11-23,167.6420833333
519,Mandir Marg,28.6341,77.2005,2017-11-23,142.2
520,NSIT Dwarka,28.591,77.05,2017-11-23,197.5537037037
521,"North Campus, Delhi - IMD",28.6573814,77.1585447,2017-11-23,170.5860869565
522,Punjabi Bagh,28.6683,77.1167,2017-11-23,157.7692307692
523,"Pusa, Delhi - IMD",28.639645,77.146262,2017-11-23,117.0108333333
524,R K Puram,28.5648,77.1744,2017-11-23,181.8571428571
525,Shadipur,28.6517,77.1581,2017-11-23,209.5783333333
526,Siri Fort,28.5504249,77.2159377,2017-11-23,173.7142857143
527,Anand Vihar,28.6508,77.3152,2017-11-24,198.54545454549998
528,"Aya Nagar, Delhi - IMD",28.4706914,77.1099364,2017-11-24,111.4304347826
529,"Burari Crossing, Delhi - IMD",28.7256504,77.2011573,2017-11-24,113.5879166667
530,"CRRI Mathura Road, Delhi - IMD",28.5512005,77.2735737,2017-11-24,167.7579166667
531,Delhi Technological University,28.744,77.12,2017-11-24,306.2857142857
532,"IGI Airport Terminal-3, Delhi - IMD",28.5627763,77.1180053,2017-11-24,142.0195833333
533,IHBAS,28.6821,77.305,2017-11-24,159.8153846154
534,Income Tax Office,28.6235,77.2494,2017-11-24,165.9122807018
535,"Lodhi Road, Delhi - IMD",28.5918245,77.2273074,2017-11-24,146.17434782610002
536,Mandir Marg,28.6341,77.2005,2017-11-24,155.1111111111
537,NSIT Dwarka,28.591,77.05,2017-11-24,188.21896551720002
538,"North Campus, Delhi - IMD",28.6573814,77.1585447,2017-11-24,181.53625
539,Punjabi Bagh,28.6683,77.1167,2017-11-24,171.8333333333
540,"Pusa, Delhi - IMD",28.639645,77.146262,2017-11-24,127.9825
541,R K Puram,28.5648,77.1744,2017-11-24,196.75
542,Shadipur,28.6517,77.1581,2017-11-24,211.7948275862
543,Siri Fort,28.5504249,77.2159377,2017-11-24,175.73684210529998
544,Anand Vihar,28.6508,77.3152,2017-11-25,267.3333333333
545,"Aya Nagar, Delhi - IMD",28.4706914,77.1099364,2017-11-25,155.1639130435
546,"Burari Crossing, Delhi - IMD",28.7256504,77.2011573,2017-11-25,111.1334782609
547,"CRRI Mathura Road, Delhi - IMD",28.5512005,77.2735737,2017-11-25,197.2404545455
548,Delhi Technological University,28.744,77.12,2017-11-25,285.8181818182
549,"IGI Airport Terminal-3, Delhi - IMD",28.5627763,77.1180053,2017-11-25,164.7356521739
550,IHBAS,28.6821,77.305,2017-11-25,144.6267857143
551,Income Tax Office,28.6235,77.2494,2017-11-25,179.868852459
552,"Lodhi Road, Delhi - IMD",28.5918245,77.2273074,2017-11-25,178.4670588235
553,Mandir Marg,28.6341,77.2005,2017-11-25,164.5
554,NSIT Dwarka,28.591,77.05,2017-11-25,196.1979591837
555,"North Campus, Delhi - IMD",28.6573814,77.1585447,2017-11-25,198.8995652174
556,Punjabi Bagh,28.6683,77.1167,2017-11-25,251.2222222222
557,"Pusa, Delhi - IMD",28.639645,77.146262,2017-11-25,121.0447826087
558,R K Puram,28.5648,77.1744,2017-11-25,246.8
559,Shadipur,28.6517,77.1581,2017-11-25,228.1706896552
560,Siri Fort,28.5504249,77.2159377,2017-11-25,188.05
561,Anand Vihar,28.6508,77.3152,2017-11-27,311.8717948718
562,"Aya Nagar, Delhi - IMD",28.4706914,77.1099364,2017-11-27,161.8308333333
563,"Burari Crossing, Delhi - IMD",28.7256504,77.2011573,2017-11-27,136.42375
564,"CRRI Mathura Road, Delhi - IMD",28.5512005,77.2735737,2017-11-27,184.6079166667
565,Delhi Technological University,28.744,77.12,2017-11-27,312.8591549296
566,"IGI Airport Terminal-3, Delhi - IMD",28.5627763,77.1180053,2017-11-27,174.2209090909
567,IHBAS,28.6821,77.305,2017-11-27,171.9
568,Income Tax Office,28.6235,77.2494,2017-11-27,180.0
569,"Lodhi Road, Delhi - IMD",28.5918245,77.2273074,2017-11-27,120.90700000000001
570,Mandir Marg,28.6341,77.2005,2017-11-27,196.0
571,NSIT Dwarka,28.591,77.05,2017-11-27,270.1
572,"North Campus, Delhi - IMD",28.6573814,77.1585447,2017-11-27,207.3425
573,Punjabi Bagh,28.6683,77.1167,2017-11-27,167.0
574,"Pusa, Delhi - IMD",28.639645,77.146262,2017-11-27,136.5582608696
575,R K Puram,28.5648,77.1744,2017-11-27,239.76470588240002
576,Shadipur,28.6517,77.1581,2017-11-27,316.1
577,Siri Fort,28.5504249,77.2159377,2017-11-27,191.0
578,Anand Vihar,28.6508,77.3152,2017-12-06,128.3333333333
579,"Aya Nagar, Delhi - IMD",28.4706914,77.1099364,2017-12-06,100.9008333333
580,"Burari Crossing, Delhi - IMD",28.7256504,77.2011573,2017-12-06,65.6047058824
581,"CRRI Mathura Road, Delhi - IMD",28.5512005,77.2735737,2017-12-06,94.1770588235
582,Delhi Technological University,28.744,77.12,2017-12-06,120.9318181818
583,"IGI Airport Terminal-3, Delhi - IMD",28.5627763,77.1180053,2017-12-06,73.3229411765
584,IHBAS,28.6821,77.305,2017-12-06,69.4869565217
585,Income Tax Office,28.6235,77.2494,2017-12-06,91.0
586,"Lodhi Road, Delhi - IMD",28.5918245,77.2273074,2017-12-06,84.326875
587,Mandir Marg,28.6341,77.2005,2017-12-06,127.14285714290001
588,NSIT Dwarka,28.591,77.05,2017-12-06,128.7760869565
589,"North Campus, Delhi - IMD",28.6573814,77.1585447,2017-12-06,118.05875
590,Punjabi Bagh,28.6683,77.1167,2017-12-06,156.3076923077
591,"Pusa, Delhi - IMD",28.639645,77.146262,2017-12-06,51.7563636364
592,R K Puram,28.5648,77.1744,2017-12-06,152.1052631579
593,Shadipur,28.6517,77.1581,2017-12-06,91.462962963
594,Siri Fort,28.5504249,77.2159377,2017-12-06,167.4444444444
595,Anand Vihar,28.6508,77.3152,2017-12-07,106.5384615385
596,"Aya Nagar, Delhi - IMD",28.4706914,77.1099364,2017-12-07,85.44809523810001
597,"Burari Crossing, Delhi - IMD",28.7256504,77.2011573,2017-12-07,69.7486363636
598,"CRRI Mathura Road, Delhi - IMD",28.5512005,77.2735737,2017-12-07,86.7170833333
599,Delhi Technological University,28.744,77.12,2017-12-07,113.125
600,"IGI Airport Terminal-3, Delhi - IMD",28.5627763,77.1180053,2017-12-07,65.877826087
601,IHBAS,28.6821,77.305,2017-12-07,63.6653061224
602,Income Tax Office,28.6235,77.2494,2017-12-07,241.0
603,"Lodhi Road, Delhi - IMD",28.5918245,77.2273074,2017-12-07,76.9222727273
604,Mandir Marg,28.6341,77.2005,2017-12-07,89.0666666667
605,NSIT Dwarka,28.591,77.05,2017-12-07,108.2348837209
606,"North Campus, Delhi - IMD",28.6573814,77.1585447,2017-12-07,105.2586363636
607,Punjabi Bagh,28.6683,77.1167,2017-12-07,119.5
608,"Pusa, Delhi - IMD",28.639645,77.146262,2017-12-07,58.400869565200004
609,R K Puram,28.5648,77.1744,2017-12-07,116.52173913040001
610,Shadipur,28.6517,77.1581,2017-12-07,100.7301886792
611,Siri Fort,28.5504249,77.2159377,2017-12-07,94.24
612,Anand Vihar,28.6508,77.3152,2017-12-08,232.1071428571
613,"Aya Nagar, Delhi - IMD",28.4706914,77.1099364,2017-12-08,110.83285714290001
614,"Burari Crossing, Delhi - IMD",28.7256504,77.2011573,2017-12-08,92.7964285714
615,"CRRI Mathura Road, Delhi - IMD",28.5512005,77.2735737,2017-12-08,112.39692307690001
616,Delhi Technological University,28.744,77.12,2017-12-08,293.0
617,"IGI Airport Terminal-3, Delhi - IMD",28.5627763,77.1180053,2017-12-08,94.0588888889
618,IHBAS,28.6821,77.305,2017-12-08,99.1853658537
619,Income Tax Office,28.6235,77.2494,2017-12-08,122.30434782610001
620,"Lodhi Road, Delhi - IMD",28.5918245,77.2273074,2017-12-08,95.4276923077
621,Mandir Marg,28.6341,77.2005,2017-12-08,137.0666666667
622,NSIT Dwarka,28.591,77.05,2017-12-08,133.296969697
623,"North Campus, Delhi - IMD",28.6573814,77.1585447,2017-12-08,109.0676923077
624,Punjabi Bagh,28.6683,77.1167,2017-12-08,199.53125
625,"Pusa, Delhi - IMD",28.639645,77.146262,2017-12-08,80.52916666670001
626,R K Puram,28.5648,77.1744,2017-12-08,209.8125
627,Shadipur,28.6517,77.1581,2017-12-08,123.9619047619
628,Siri Fort,28.5504249,77.2159377,2017-12-08,151.0384615385
629,Anand Vihar,28.6508,77.3152,2017-12-09,351.68518518519994
630,"Aya Nagar, Delhi - IMD",28.4706914,77.1099364,2017-12-09,136.3755
631,"Burari Crossing, Delhi - IMD",28.7256504,77.2011573,2017-12-09,176.584
632,"CRRI Mathura Road, Delhi - IMD",28.5512005,77.2735737,2017-12-09,121.52799999999999
633,Delhi Technological University,28.744,77.12,2017-12-09,289.619047619
634,"IGI Airport Terminal-3, Delhi - IMD",28.5627763,77.1180053,2017-12-09,119.4145833333
635,IHBAS,28.6821,77.305,2017-12-09,139.9893939394
636,Income Tax Office,28.6235,77.2494,2017-12-09,155.5068493151
637,"Lodhi Road, Delhi - IMD",28.5918245,77.2273074,2017-12-09,120.51
638,Mandir Marg,28.6341,77.2005,2017-12-09,198.5428571429
639,NSIT Dwarka,28.591,77.05,2017-12-09,185.0881355932
640,"North Campus, Delhi - IMD",28.6573814,77.1585447,2017-12-09,87.7090909091
641,Punjabi Bagh,28.6683,77.1167,2017-12-09,264.296875
642,"Pusa, Delhi - IMD",28.639645,77.146262,2017-12-09,121.94
643,R K Puram,28.5648,77.1744,2017-12-09,242.9787234043
644,Shadipur,28.6517,77.1581,2017-12-09,198.6432098765
645,Siri Fort,28.5504249,77.2159377,2017-12-09,181.78048780490002
646,Anand Vihar,28.6508,77.3152,2017-12-18,216.8333333333
647,"Aya Nagar, Delhi - IMD",28.4706914,77.1099364,2017-12-18,94.5855555556
648,"Burari Crossing, Delhi - IMD",28.7256504,77.2011573,2017-12-18,62.485
649,"CRRI Mathura Road, Delhi - IMD",28.5512005,77.2735737,2017-12-18,130.2755555556
650,Delhi Technological University,28.744,77.12,2017-12-18,218.4375
651,"IGI Airport Terminal-3, Delhi - IMD",28.5627763,77.1180053,2017-12-18,109.77125
652,IHBAS,28.6821,77.305,2017-12-18,81.2902439024
653,Income Tax Office,28.6235,77.2494,2017-12-18,171.08
654,"Lodhi Road, Delhi - IMD",28.5918245,77.2273074,2017-12-18,117.17277777780001
655,Mandir Marg,28.6341,77.2005,2017-12-18,140.6
656,NSIT Dwarka,28.591,77.05,2017-12-18,151.4162790698
657,"North Campus, Delhi - IMD",28.6573814,77.1585447,2017-12-18,113.9746666667
658,Punjabi Bagh,28.6683,77.1167,2017-12-18,165.7
659,"Pusa, Delhi - IMD",28.639645,77.146262,2017-12-18,86.57111111110001
660,R K Puram,28.5648,77.1744,2017-12-18,155.3191489362
661,Shadipur,28.6517,77.1581,2017-12-18,100.44788732389999
662,Siri Fort,28.5504249,77.2159377,2017-12-18,156.7
663,Anand Vihar,28.6508,77.3152,2017-12-19,292.5
664,"Aya Nagar, Delhi - IMD",28.4706914,77.1099364,2017-12-19,134.4281818182
665,"Burari Crossing, Delhi - IMD",28.7256504,77.2011573,2017-12-19,123.939375
666,"CRRI Mathura Road, Delhi - IMD",28.5512005,77.2735737,2017-12-19,164.94875
667,Delhi Technological University,28.744,77.12,2017-12-19,320.0677966102
668,"IGI Airport Terminal-3, Delhi - IMD",28.5627763,77.1180053,2017-12-19,131.4347826087
669,IHBAS,28.6821,77.305,2017-12-19,130.2837837838
670,Income Tax Office,28.6235,77.2494,2017-12-19,238.3777777778
671,"Lodhi Road, Delhi - IMD",28.5918245,77.2273074,2017-12-19,168.9245833333
672,Mandir Marg,28.6341,77.2005,2017-12-19,209.12
673,NSIT Dwarka,28.591,77.05,2017-12-19,175.6767857143
674,"North Campus, Delhi - IMD",28.6573814,77.1585447,2017-12-19,167.50826086959998
675,Punjabi Bagh,28.6683,77.1167,2017-12-19,271.1176470588
676,"Pusa, Delhi - IMD",28.639645,77.146262,2017-12-19,112.4425
677,R K Puram,28.5648,77.1744,2017-12-19,196.4
678,Shadipur,28.6517,77.1581,2017-12-19,169.6109375
679,Siri Fort,28.5504249,77.2159377,2017-12-19,219.2666666667
680,Anand Vihar,28.6508,77.3152,2017-12-20,477.3055555556
681,"Aya Nagar, Delhi - IMD",28.4706914,77.1099364,2017-12-20,199.274
682,"Burari Crossing, Delhi - IMD",28.7256504,77.2011573,2017-12-20,158.058
683,"CRRI Mathura Road, Delhi - IMD",28.5512005,77.2735737,2017-12-20,215.15
684,Delhi Technological University,28.744,77.12,2017-12-20,434.7818181818
685,"IGI Airport Terminal-3, Delhi - IMD",28.5627763,77.1180053,2017-12-20,161.218
686,IHBAS,28.6821,77.305,2017-12-20,184.22
687,Income Tax Office,28.6235,77.2494,2017-12-20,375.2972972973
688,"Lodhi Road, Delhi - IMD",28.5918245,77.2273074,2017-12-20,205.87
689,Mandir Marg,28.6341,77.2005,2017-12-20,365.6842105263
690,NSIT Dwarka,28.591,77.05,2017-12-20,261.7652173913
691,"North Campus, Delhi - IMD",28.6573814,77.1585447,2017-12-20,194.4075
692,Punjabi Bagh,28.6683,77.1167,2017-12-20,424.8571428571
693,"Pusa, Delhi - IMD",28.639645,77.146262,2017-12-20,135.07399999999998
694,R K Puram,28.5648,77.1744,2017-12-20,264.75
695,Shadipur,28.6517,77.1581,2017-12-20,273.4254237288
696,Siri Fort,28.5504249,77.2159377,2017-12-20,372.8918918919
697,Anand Vihar,28.6508,77.3152,2017-12-23,219.9705882353
698,"Aya Nagar, Delhi - IMD",28.4706914,77.1099364,2017-12-23,94.1163157895
699,"Burari Crossing, Delhi - IMD",28.7256504,77.2011573,2017-12-23,82.49791666670001
700,"CRRI Mathura Road, Delhi - IMD",28.5512005,77.2735737,2017-12-23,192.8344444444
701,Delhi Technological University,28.744,77.12,2017-12-23,238.89130434779997
702,"IGI Airport Terminal-3, Delhi - IMD",28.5627763,77.1180053,2017-12-23,92.80625
703,IHBAS,28.6821,77.305,2017-12-23,84.8611111111
704,Income Tax Office,28.6235,77.2494,2017-12-23,150.0666666667
705,"Lodhi Road, Delhi - IMD",28.5918245,77.2273074,2017-12-23,101.8379166667
706,Mandir Marg,28.6341,77.2005,2017-12-23,140.8125
707,NSIT Dwarka,28.591,77.05,2017-12-23,150.9384615385
708,"North Campus, Delhi - IMD",28.6573814,77.1585447,2017-12-23,104.5468181818
709,Punjabi Bagh,28.6683,77.1167,2017-12-23,183.62162162159999
710,"Pusa, Delhi - IMD",28.639645,77.146262,2017-12-23,56.4375
711,R K Puram,28.5648,77.1744,2017-12-23,173.0476190476
712,Shadipur,28.6517,77.1581,2017-12-23,142.5782608696
713,Siri Fort,28.5504249,77.2159377,2017-12-23,136.0434782609
714,Anand Vihar,28.6508,77.3152,2017-12-24,356.54638888889997
715,"Aya Nagar, Delhi - IMD",28.4706914,77.1099364,2017-12-24,130.3336363636
716,"Burari Crossing, Delhi - IMD",28.7256504,77.2011573,2017-12-24,126.82227272729999
717,"CRRI Mathura Road, Delhi - IMD",28.5512005,77.2735737,2017-12-24,310.1114285714
718,Delhi Technological University,28.744,77.12,2017-12-24,293.4047619048
719,"IGI Airport Terminal-3, Delhi - IMD",28.5627763,77.1180053,2017-12-24,137.49
720,IHBAS,28.6821,77.305,2017-12-24,143.8981132075
721,Income Tax Office,28.6235,77.2494,2017-12-24,264.87804878049997
722,"Lodhi Road, Delhi - IMD",28.5918245,77.2273074,2017-12-24,195.3304545455
723,Mandir Marg,28.6341,77.2005,2017-12-24,198.46666666669998
724,NSIT Dwarka,28.591,77.05,2017-12-24,212.6563636364
725,"North Campus, Delhi - IMD",28.6573814,77.1585447,2017-12-24,137.79
726,Punjabi Bagh,28.6683,77.1167,2017-12-24,231.8709677419
727,"Pusa, Delhi - IMD",28.639645,77.146262,2017-12-24,126.0605
728,R K Puram,28.5648,77.1744,2017-12-24,262.3658536585
729,Shadipur,28.6517,77.1581,2017-12-24,210.1673076923
730,Siri Fort,28.5504249,77.2159377,2017-12-24,213.7142857143
731,Anand Vihar,28.6508,77.3152,2017-12-26,258.4285714286
732,"Aya Nagar, Delhi - IMD",28.4706914,77.1099364,2017-12-26,177.2811764706
733,"Burari Crossing, Delhi - IMD",28.7256504,77.2011573,2017-12-26,215.2708333333
734,"CRRI Mathura Road, Delhi - IMD",28.5512005,77.2735737,2017-12-26,261.21947368419995
735,Delhi Technological University,28.744,77.12,2017-12-26,406.6285714286
736,"IGI Airport Terminal-3, Delhi - IMD",28.5627763,77.1180053,2017-12-26,207.88
737,IHBAS,28.6821,77.305,2017-12-26,130.6939393939
738,Income Tax Office,28.6235,77.2494,2017-12-26,249.0769230769
739,"Lodhi Road, Delhi - IMD",28.5918245,77.2273074,2017-12-26,212.55222222220002
740,Mandir Marg,28.6341,77.2005,2017-12-26,186.4
741,NSIT Dwarka,28.591,77.05,2017-12-26,199.05
742,"North Campus, Delhi - IMD",28.6573814,77.1585447,2017-12-26,163.1481818182
743,Punjabi Bagh,28.6683,77.1167,2017-12-26,488.0
744,"Pusa, Delhi - IMD",28.639645,77.146262,2017-12-26,147.7504761905
745,R K Puram,28.5648,77.1744,2017-12-26,146.0
746,Shadipur,28.6517,77.1581,2017-12-26,292.172972973
747,Siri Fort,28.5504249,77.2159377,2017-12-26,216.23809523810002
748,Anand Vihar,28.6508,77.3152,2017-12-27,383.8787878788
749,"Aya Nagar, Delhi - IMD",28.4706914,77.1099364,2017-12-27,145.74
750,"Burari Crossing, Delhi - IMD",28.7256504,77.2011573,2017-12-27,159.8460869565
751,"CRRI Mathura Road, Delhi - IMD",28.5512005,77.2735737,2017-12-27,197.07166666669997
752,Delhi Technological University,28.744,77.12,2017-12-27,310.9558823529
753,"IGI Airport Terminal-3, Delhi - IMD",28.5627763,77.1180053,2017-12-27,176.35375
754,IHBAS,28.6821,77.305,2017-12-27,134.7984126984
755,Income Tax Office,28.6235,77.2494,2017-12-27,230.3043478261
756,"Lodhi Road, Delhi - IMD",28.5918245,77.2273074,2017-12-27,171.93916666669998
757,Mandir Marg,28.6341,77.2005,2017-12-27,218.0
758,NSIT Dwarka,28.591,77.05,2017-12-27,275.9786885246
759,"North Campus, Delhi - IMD",28.6573814,77.1585447,2017-12-27,302.3982352941
760,Punjabi Bagh,28.6683,77.1167,2017-12-27,310.4615384615
761,"Pusa, Delhi - IMD",28.639645,77.146262,2017-12-27,150.7558333333
762,R K Puram,28.5648,77.1744,2017-12-27,251.89189189189997
763,Shadipur,28.6517,77.1581,2017-12-27,299.55
764,Siri Fort,28.5504249,77.2159377,2017-12-27,225.0
765,Anand Vihar,28.6508,77.3152,2017-12-28,292.9375
766,"Aya Nagar, Delhi - IMD",28.4706914,77.1099364,2017-12-28,157.803
767,"Burari Crossing, Delhi - IMD",28.7256504,77.2011573,2017-12-28,143.1930434783
768,"CRRI Mathura Road, Delhi - IMD",28.5512005,77.2735737,2017-12-28,261.6472222222
769,Delhi Technological University,28.744,77.12,2017-12-28,287.7222222222
770,"IGI Airport Terminal-3, Delhi - IMD",28.5627763,77.1180053,2017-12-28,207.4276470588
771,IHBAS,28.6821,77.305,2017-12-28,123.8590909091
772,Income Tax Office,28.6235,77.2494,2017-12-28,228.8363636364
773,"Lodhi Road, Delhi - IMD",28.5918245,77.2273074,2017-12-28,223.22416666669997
774,Mandir Marg,28.6341,77.2005,2017-12-28,225.65
775,NSIT Dwarka,28.591,77.05,2017-12-28,263.55441176470003
776,"North Campus, Delhi - IMD",28.6573814,77.1585447,2017-12-28,297.22
777,Punjabi Bagh,28.6683,77.1167,2017-12-28,264.92307692310004
778,"Pusa, Delhi - IMD",28.639645,77.146262,2017-12-28,140.8156521739
779,R K Puram,28.5648,77.1744,2017-12-28,320.2564102564
780,Shadipur,28.6517,77.1581,2017-12-28,235.8453333333
781,Siri Fort,28.5504249,77.2159377,2017-12-28,235.75862068970002
782,Anand Vihar,28.6508,77.3152,2017-12-29,344.40909090910003
783,"Aya Nagar, Delhi - IMD",28.4706914,77.1099364,2017-12-29,199.435
784,"Burari Crossing, Delhi - IMD",28.7256504,77.2011573,2017-12-29,136.07954545450002
785,"CRRI Mathura Road, Delhi - IMD",28.5512005,77.2735737,2017-12-29,273.2626086957
786,Delhi Technological University,28.744,77.12,2017-12-29,334.8947368421
787,"IGI Airport Terminal-3, Delhi - IMD",28.5627763,77.1180053,2017-12-29,230.1273913043
788,IHBAS,28.6821,77.305,2017-12-29,141.3583333333
789,Income Tax Office,28.6235,77.2494,2017-12-29,243.46666666669998
790,"Lodhi Road, Delhi - IMD",28.5918245,77.2273074,2017-12-29,223.9292857143
791,Mandir Marg,28.6341,77.2005,2017-12-29,277.5217391304
792,NSIT Dwarka,28.591,77.05,2017-12-29,305.0754098361
793,"North Campus, Delhi - IMD",28.6573814,77.1585447,2017-12-29,260.0952173913
794,Punjabi Bagh,28.6683,77.1167,2017-12-29,321.6585365854
795,"Pusa, Delhi - IMD",28.639645,77.146262,2017-12-29,172.7934782609
796,R K Puram,28.5648,77.1744,2017-12-29,254.14893617020002
797,Shadipur,28.6517,77.1581,2017-12-29,265.2223880597
798,Siri Fort,28.5504249,77.2159377,2017-12-29,310.0
799,Anand Vihar,28.6508,77.3152,2017-12-30,400.3571428571
800,"Aya Nagar, Delhi - IMD",28.4706914,77.1099364,2017-12-30,205.69208333330002
801,"Burari Crossing, Delhi - IMD",28.7256504,77.2011573,2017-12-30,198.37333333330002
802,"CRRI Mathura Road, Delhi - IMD",28.5512005,77.2735737,2017-12-30,333.23541666669996
803,Delhi Technological University,28.744,77.12,2017-12-30,389.8157894737
804,"IGI Airport Terminal-3, Delhi - IMD",28.5627763,77.1180053,2017-12-30,215.07260869569998
805,IHBAS,28.6821,77.305,2017-12-30,153.4236363636
806,Income Tax Office,28.6235,77.2494,2017-12-30,278.3
807,"Lodhi Road, Delhi - IMD",28.5918245,77.2273074,2017-12-30,265.8414285714
808,Mandir Marg,28.6341,77.2005,2017-12-30,292.6
809,NSIT Dwarka,28.591,77.05,2017-12-30,281.5962264151
810,"North Campus, Delhi - IMD",28.6573814,77.1585447,2017-12-30,319.2839130435
811,Punjabi Bagh,28.6683,77.1167,2017-12-30,286.3181818182
812,"Pusa, Delhi - IMD",28.639645,77.146262,2017-12-30,182.8908333333
813,R K Puram,28.5648,77.1744,2017-12-30,297.24324324319997
814,Shadipur,28.6517,77.1581,2017-12-30,312.2309090909
815,Siri Fort,28.5504249,77.2159377,2017-12-30,277.3636363636
